Title,Channel,Length,Likes,Dislikes,Views,Comments,Uploaded,Depth,LikeRatio,index,Run,Minutes
Best Of: Good GOD! | 30 Rock,30 Rock Official,09:16,748,13,57360,36,2021-05-18T16:30:08Z,0,0.9829172141918529,9,1,9.267
30 Rock: The Best of Liz Lemon,Kim,09:47,5651,171,1132725,697,2008-08-15T14:08:26Z,1,0.9706286499484713,13,1,9.783
The Best Of Subhas Ramsaywack | 30 Rock,30 Rock Official,10:07,136,3,7491,23,2021-07-26T15:00:16Z,0,0.9784172661870504,10,2,10.117
Every Appearance Of Conan (Best Of Conan O’Brien) - 30 Rock,30 Rock Official,05:38,16061,446,1755708,852,2018-05-04T16:00:03Z,1,0.9729811595080875,15,2,5.633
All the Oscar Winners and Nominees - 30 Rock,30 Rock Official,05:43,1713,47,155293,118,2020-02-06T14:00:08Z,2,0.9732954545454545,22,2,5.717
The Best of Tracy Jordan and Denise Richards - 30 Rock,30 Rock Official,03:24,961,18,84313,118,2019-12-12T14:00:05Z,3,0.9816138917262512,34,2,3.4
Jack Donaghy's Porn for Women - 30 Rock,30 Rock Official,03:21,1449,34,159515,64,2020-02-08T14:00:12Z,4,0.9770734996628456,45,2,3.35
Best Of Jack Donaghy VS Kaylie Hooper (ft. Chloe Grace Moretz) | 30 Rock,30 Rock Official,10:00,1230,30,111344,119,2021-06-02T16:30:02Z,5,0.9761904761904762,60,2,10.0
Jack vs Banks - 30 Rock,30 Rock Official,10:01,6404,188,1029495,450,2017-11-24T17:30:00Z,6,0.9714805825242718,63,2,10.017
The Negotiation - 30 Rock,30 Rock Official,04:28,7500,114,719024,349,2020-04-02T16:00:31Z,7,0.9850275807722616,80,2,4.467
Negotiating with Jack Donaghy,Michael H,05:01,4750,125,812312,333,2012-03-20T09:53:27Z,8,0.9743589743589743,84,2,5.017
30 Rock - Doctor's Diagnosis (Episode Highlight),30 Rock Official,01:53,638,6,72020,22,2017-10-19T06:58:41Z,0,0.9906832298136646,5,3,1.883
Flu Shot Rationing - 30 Rock,30 Rock Official,02:54,414,5,32205,29,2020-01-11T14:00:06Z,1,0.9880668257756563,15,3,2.9
"''If Women Are So Funny, Do Something Funny Right Now.'' | 30 Rock",30 Rock Official,04:21,653,18,55197,100,2021-02-04T16:00:10Z,2,0.9731743666169895,29,3,4.35
Every D'fwan Moment - 30 Rock,30 Rock Official,08:55,10289,216,918992,683,2018-01-05T17:30:01Z,3,0.979438362684436,37,3,8.917
Kenneth Takes the Midnight Train to Georgia - 30 Rock,30 Rock Official,03:19,2470,31,165706,162,2020-04-23T21:35:10Z,4,0.9876049580167933,44,3,3.317
Seeing The World Through Kenneth and Tracy's Eyes - 30 Rock,30 Rock Official,01:57,3058,23,236290,126,2019-01-06T17:00:07Z,5,0.9925348912690685,61,3,1.95
Behind the scenes with the muppets on 30 Rock,joycewebster8,03:11,697,10,144889,43,2009-10-04T09:35:31Z,6,0.9858557284299858,65,3,3.183
All the Oscar Winners and Nominees - 30 Rock,30 Rock Official,05:43,1713,47,155293,118,2020-02-06T14:00:08Z,0,0.9732954545454545,10,4,5.717
Anna Howard Shaw Day At 30 Rock - 30 Rock,30 Rock Official,10:01,2050,70,298566,101,2018-02-14T00:00:01Z,1,0.9669811320754716,18,4,10.017
Every Appearance Of Conan (Best Of Conan O’Brien) - 30 Rock,30 Rock Official,05:38,16061,446,1755712,852,2018-05-04T16:00:03Z,2,0.9729811595080875,25,4,5.633
Conan Forces Jordan Schlansky To Clean His Filthy Office | CONAN on TBS,Team Coco,07:48,193023,2960,21101613,10327,2014-01-10T10:17:20Z,3,0.9848966491991652,41,4,7.8
Every Appearance Of Conan (Best Of Conan O’Brien) - 30 Rock,30 Rock Official,05:38,16061,446,1755712,852,2018-05-04T16:00:03Z,0,0.9729811595080875,3,5,5.633
Donaghy Can't Read Kenneth At Poker - 30 Rock,30 Rock Official,04:13,9284,211,1077390,375,2019-10-31T16:45:00Z,1,0.9777777777777777,11,5,4.217
Jack vs Banks - 30 Rock,30 Rock Official,10:01,6404,188,1029495,450,2017-11-24T17:30:00Z,2,0.9714805825242718,22,5,10.017
Kenneth is IMMORTAL | Kenneth's Immortality on '30 Rock' | 30 Rock,30 Rock Official,09:10,5280,78,333100,293,2020-10-19T16:00:30Z,3,0.9854423292273237,33,5,9.167
Jack Admits to Kenneth He Wasn't A Good President | Kenneth's Closing Song | 30 Rock,30 Rock Official,05:14,581,7,43988,45,2020-12-13T20:20:02Z,4,0.9880952380952381,46,5,5.233
Frank's Iconic Hats Slogans | 30 Rock,30 Rock Official,10:07,202,4,20337,18,2020-11-20T16:51:24Z,5,0.9805825242718447,52,5,10.117
Kenneth's Complicated Secret Santa Game | Introducing ''Verdukianism'' Religion | 30 Rock,30 Rock Official,04:39,476,11,33758,35,2020-12-17T15:00:03Z,6,0.9774127310061602,63,5,4.65
Jack Admits to Kenneth He Wasn't A Good President | Kenneth's Closing Song | 30 Rock,30 Rock Official,05:14,581,7,43988,45,2020-12-13T20:20:02Z,7,0.9880952380952381,75,5,5.233
Jack And Keneth Try To Erase An Embarrassing Drunk Phone Message After New Year's Eve | 30 Rock,30 Rock Official,05:47,704,8,51980,56,2020-12-30T15:00:10Z,8,0.9887640449438202,89,5,5.783
Anna Howard Shaw Day At 30 Rock - 30 Rock,30 Rock Official,10:01,2050,70,298566,101,2018-02-14T00:00:01Z,9,0.9669811320754716,94,5,10.017
30 Rock - Best of Season 4,wwydotu,07:59,1520,70,327849,104,2011-01-29T06:15:15Z,10,0.9559748427672956,102,5,7.983
Donaghy Can't Read Kenneth At Poker - 30 Rock,30 Rock Official,04:13,9284,211,1077390,375,2019-10-31T16:45:00Z,0,0.9777777777777777,10,6,4.217
Jack Plays Colonizers of Malaar - 30 Rock,30 Rock Official,03:09,3548,76,407704,183,2019-10-15T13:00:10Z,1,0.9790286975717439,16,6,3.15
Donaghy's Stress Eating - 30 Rock,30 Rock Official,03:50,2620,56,320412,126,2019-11-16T20:30:00Z,2,0.9790732436472347,23,6,3.833
Donaghy Can't Read Kenneth At Poker - 30 Rock,30 Rock Official,04:13,9284,211,1077390,375,2019-10-31T16:45:00Z,3,0.9777777777777777,34,6,4.217
Liz Lemon's Greatest Love Isn't A Man: IT'S FOOD! | Liz LOVES Food Above Everything Else | 30 Rock,30 Rock Official,08:56,1725,33,131644,140,2020-11-14T15:00:07Z,4,0.9812286689419796,43,6,8.933
Salma Hayek as The Black Widow - 30 Rock,30 Rock Official,05:55,3172,101,418529,232,2019-11-12T14:00:01Z,5,0.9691414604338527,60,6,5.917
30 Rock - Doctor's Diagnosis (Episode Highlight),30 Rock Official,01:53,638,6,72020,22,2017-10-19T06:58:41Z,6,0.9906832298136646,66,6,1.883
30 Rock: The Best of Liz Lemon,Kim,09:47,5651,171,1132725,697,2008-08-15T14:08:26Z,7,0.9706286499484713,83,6,9.783
Liz Lemon's Boyfriends - 30 Rock,30 Rock Official,10:03,6648,185,1031527,464,2017-12-29T17:00:05Z,0,0.9729255085613933,2,7,10.05
Liz Exposes Abby - 30 Rock,30 Rock Official,02:38,10805,292,1502943,761,2018-01-03T17:00:08Z,1,0.9736865819590881,19,7,2.633
Liz Lemon Was A BULLY! | Liz Lemon Was A MEAN Girl In High School | 30 Rock,30 Rock Official,05:17,5917,95,542076,533,2020-11-26T14:00:05Z,2,0.9841982701264138,23,7,5.283
Jack Dates Crazy Claire - 30 Rock,30 Rock Official,03:24,3287,64,577451,258,2019-09-14T13:00:04Z,3,0.9809012235153686,36,7,3.4
Liz Lemon Dates Her Cousin - 30 Rock,30 Rock Official,02:45,1900,36,202266,297,2020-01-18T14:00:01Z,4,0.981404958677686,52,7,2.75
Donaghy Can't Read Kenneth At Poker - 30 Rock,30 Rock Official,04:13,9284,211,1077390,375,2019-10-31T16:45:00Z,5,0.9777777777777777,56,7,4.217
Seeing The World Through Kenneth and Tracy's Eyes - 30 Rock,30 Rock Official,01:57,3058,23,236291,126,2019-01-06T17:00:07Z,6,0.9925348912690685,70,7,1.95
"""I Lie To Myself"" - 30 Rock",30 Rock Official,01:44,26250,90,450591,1038,2017-12-11T17:00:05Z,7,0.9965831435079726,82,7,1.733
Tracy Tackles Gavin Volure | 30 Rock,30 Rock Official,03:31,122,0,6819,16,2021-07-16T15:00:02Z,8,1.0,90,7,3.517
Every D'fwan Moment - 30 Rock,30 Rock Official,08:55,10289,216,918992,683,2018-01-05T17:30:01Z,9,0.979438362684436,102,7,8.917
The Negotiation - 30 Rock,30 Rock Official,04:28,7500,114,719024,349,2020-04-02T16:00:31Z,10,0.9850275807722616,108,7,4.467
Liz Exposes Abby - 30 Rock,30 Rock Official,02:38,10805,292,1502943,761,2018-01-03T17:00:08Z,11,0.9736865819590881,118,7,2.633
Salma Hayek as The Black Widow - 30 Rock,30 Rock Official,05:55,3172,101,418529,232,2019-11-12T14:00:01Z,12,0.9691414604338527,128,7,5.917
Best of Jenna Maroney | 30 Rock,30 Rock Official,09:59,1223,12,74964,83,2021-05-25T16:30:07Z,13,0.9902834008097166,136,7,9.983
30 Rock - Best of Season 4,wwydotu,07:59,1520,70,327849,104,2011-01-29T06:15:15Z,14,0.9559748427672956,146,7,7.983
Jack vs Banks - 30 Rock,30 Rock Official,10:01,6404,188,1029496,450,2017-11-24T17:30:00Z,0,0.9714805825242718,2,8,10.017
Will Arnett and Jason Bateman's Perpetually Aggressive Bromance,indyhatesnakes,17:06,1881,34,161705,89,2020-07-19T15:05:40Z,1,0.9822454308093995,15,8,17.1
All the Oscar Winners and Nominees - 30 Rock,30 Rock Official,05:43,1713,47,155293,118,2020-02-06T14:00:08Z,0,0.9732954545454545,6,9,5.717
SNL on 30 Rock,30 Rock Official,03:31,1511,35,139015,118,2020-01-25T03:06:05Z,1,0.9773609314359638,12,9,3.517
Julia Louis-Dreyfus Steals Tina Fey’s Emmy | Late Night with Conan O’Brien,Team Coco,06:44,21986,350,1475788,1761,2020-04-16T18:45:01Z,2,0.984330229226361,25,9,6.733
Jack Plays Colonizers of Malaar - 30 Rock,30 Rock Official,03:09,3548,76,407704,183,2019-10-15T13:00:10Z,3,0.9790286975717439,32,9,3.15
30 Rock: The Best of Liz Lemon,Kim,09:47,5651,171,1132725,697,2008-08-15T14:08:26Z,4,0.9706286499484713,50,9,9.783
30 Rock - Doctor's Diagnosis (Episode Highlight),30 Rock Official,01:53,638,6,72020,22,2017-10-19T06:58:41Z,5,0.9906832298136646,55,9,1.883
Salma Hayek as The Black Widow - 30 Rock,30 Rock Official,05:55,3172,101,418529,232,2019-11-12T14:00:01Z,6,0.9691414604338527,70,9,5.917
Donaghy Can't Read Kenneth At Poker - 30 Rock,30 Rock Official,04:13,9284,211,1077390,375,2019-10-31T16:45:00Z,7,0.9777777777777777,76,9,4.217
Every Appearance Of Conan (Best Of Conan O’Brien) - 30 Rock,30 Rock Official,05:38,16061,446,1755712,852,2018-05-04T16:00:03Z,8,0.9729811595080875,86,9,5.633
All the Oscar Winners and Nominees - 30 Rock,30 Rock Official,05:43,1713,47,155293,118,2020-02-06T14:00:08Z,9,0.9732954545454545,97,9,5.717
Operation Righteous Cowboy Lightning | 30 Rock,30 Rock Official,04:52,1418,15,91951,80,2020-09-10T14:21:08Z,10,0.9895324494068388,106,9,4.867
Every D'fwan Moment - 30 Rock,30 Rock Official,08:55,10289,216,918995,683,2018-01-05T17:30:01Z,11,0.979438362684436,120,9,8.917
Jack And Keneth Try To Erase An Embarrassing Drunk Phone Message After New Year's Eve | 30 Rock,30 Rock Official,05:47,704,8,51981,56,2020-12-30T15:00:10Z,12,0.9887640449438202,126,9,5.783
Operation Righteous Cowboy Lightning | 30 Rock,30 Rock Official,04:52,1418,15,91951,80,2020-09-10T14:21:08Z,13,0.9895324494068388,134,9,4.867
"30 Rock - Therapy, Jack Style (Episode Highlight)",30 Rock Official,02:38,2330,28,158932,186,2017-07-12T17:00:01Z,14,0.9881255301102629,150,9,2.633
Drunk Jack - 30 Rock,30 Rock Official,03:15,1483,24,198479,84,2018-04-01T16:00:05Z,15,0.9840743198407432,155,9,3.25
30 Rock: Some Funny Clips,asilvermountzion1983,07:00,1388,87,298639,72,2009-09-19T01:53:40Z,16,0.9410169491525424,168,9,7.0
Best Of: Good GOD! | 30 Rock,30 Rock Official,09:16,748,13,57361,36,2021-05-18T16:30:08Z,0,0.9829172141918529,8,10,9.267
Jack Donaghy's Life Lessons | 30 Rock,30 Rock Official,08:23,779,8,62103,55,2021-06-15T16:30:05Z,1,0.9898348157560356,11,10,8.383
The Bubble - 30 Rock,30 Rock Official,05:21,1833,28,163721,148,2020-07-16T16:00:09Z,2,0.984954325631381,26,10,5.35
EVEN MORE Cold Opens - Parks and Recreation,Parks and Recreation,10:03,11471,292,1063292,556,2019-02-27T17:00:09Z,3,0.9751764005780839,32,10,10.05
Liz and Criss' Gay Porno Roleplay - 30 Rock,30 Rock Official,02:18,3244,63,313456,117,2018-01-14T17:00:07Z,4,0.9809495010583611,43,10,2.3
Liz Lemon Dates Her Cousin - 30 Rock,30 Rock Official,02:45,1900,36,202266,297,2020-01-18T14:00:01Z,5,0.981404958677686,53,10,2.75
The Negotiation - 30 Rock,30 Rock Official,04:28,7500,114,719024,349,2020-04-02T16:00:31Z,6,0.9850275807722616,63,10,4.467
Donaghy Can't Read Kenneth At Poker - 30 Rock,30 Rock Official,04:13,9284,211,1077391,375,2019-10-31T16:45:00Z,7,0.9777777777777777,71,10,4.217
Kenneth’s Party - 30 Rock,30 Rock Official,02:40,4182,53,440445,158,2018-06-20T16:00:03Z,8,0.9874852420306965,88,10,2.667
Tracy's Boat Party - 30 Rock,30 Rock Official,04:35,1134,16,148537,66,2017-09-05T17:00:03Z,9,0.9860869565217392,94,10,4.583
The Best of Cerie Xerox - 30 Rock,30 Rock Official,02:37,4071,78,538939,251,2020-01-16T14:00:04Z,10,0.9812002892263196,105,10,2.617
Liz Exposes Abby - 30 Rock,30 Rock Official,02:38,10805,292,1502944,761,2018-01-03T17:00:08Z,11,0.9736865819590881,115,10,2.633
I'm A Very Sexy Baby - 30 Rock,30 Rock Official,02:10,6753,312,1521673,418,2018-01-07T17:00:03Z,12,0.9558386411889597,125,10,2.167
The New Writer Makes A Big Impression - 30 Rock,30 Rock Official,02:52,15208,763,2684097,908,2017-10-25T16:30:00Z,13,0.9522259094608979,130,10,2.867
Every Appearance Of Conan (Best Of Conan O’Brien) - 30 Rock,30 Rock Official,05:38,16061,446,1755712,852,2018-05-04T16:00:03Z,14,0.9729811595080875,141,10,5.633
Conan Emmy Intro,zonerlite,06:59,37506,476,2994492,1747,2006-08-28T01:51:44Z,15,0.987467747880575,150,10,6.983
Best Of Jack Donaghy VS Kaylie Hooper (ft. Chloe Grace Moretz) | 30 Rock,30 Rock Official,10:00,1230,30,111346,119,2021-06-02T16:30:02Z,0,0.9761904761904762,9,11,10.0
Liz Lemon's Boyfriends - 30 Rock,30 Rock Official,10:03,6648,185,1031530,464,2017-12-29T17:00:05Z,1,0.9729255085613933,15,11,10.05
The Negotiation - 30 Rock,30 Rock Official,04:28,7500,114,719026,349,2020-04-02T16:00:31Z,2,0.9850275807722616,31,11,4.467
Liz Lemon Was A BULLY! | Liz Lemon Was A MEAN Girl In High School | 30 Rock,30 Rock Official,05:17,5917,95,542076,533,2020-11-26T14:00:05Z,3,0.9841982701264138,40,11,5.283
Going To The Church on Valentine's Day In Exchange For Sex | 30 Rock,30 Rock Official,04:30,372,3,23221,30,2021-02-12T16:00:09Z,4,0.992,51,11,4.5
Kenneth’s Party - 30 Rock,30 Rock Official,02:40,4182,53,440445,158,2018-06-20T16:00:03Z,5,0.9874852420306965,59,11,2.667
The Best of Cerie Xerox - 30 Rock,30 Rock Official,02:37,4071,78,538939,251,2020-01-16T14:00:04Z,6,0.9812002892263196,68,11,2.617
The New Writer Makes A Big Impression - 30 Rock,30 Rock Official,02:52,15208,763,2684097,908,2017-10-25T16:30:00Z,7,0.9522259094608979,80,11,2.867
Liz's Moustache - 30 Rock,30 Rock Official,05:11,1501,32,142085,0,2020-06-25T16:00:05Z,8,0.9791258969341161,92,11,5.183
Dealbreaker! - 30 Rock,30 Rock Official,02:01,1630,30,125980,157,2020-05-07T16:00:04Z,9,0.9819277108433735,104,11,2.017
Liz Lemon's Dealbreakers Book - 30 Rock,30 Rock Official,03:21,2014,53,244272,145,2019-11-26T14:00:03Z,10,0.9743589743589743,108,11,3.35
"Jenna ""Yokos"" a Band - 30 Rock",30 Rock Official,05:29,1381,42,168234,150,2020-04-21T13:00:07Z,11,0.9704848910751932,125,11,5.483
The Best of Cerie Xerox - 30 Rock,30 Rock Official,02:37,4071,78,538939,251,2020-01-16T14:00:04Z,12,0.9812002892263196,131,11,2.617
Best Of Dr. Harris - Parks and Recreation,Parks and Recreation,10:08,14825,253,1248823,451,2019-08-28T15:45:00Z,13,0.9832205862846531,141,11,10.133
All the Oscar Winners and Nominees - 30 Rock,30 Rock Official,05:43,1713,47,155295,118,2020-02-06T14:00:08Z,0,0.9732954545454545,6,12,5.717
Best of Hazel Wassername | 30 Rock,30 Rock Official,10:06,585,16,50926,89,2021-06-08T16:30:01Z,1,0.9733777038269551,20,12,10.1
The Rural Juror - 30 Rock,30 Rock Official,02:47,2957,56,349881,126,2019-08-31T13:00:00Z,2,0.9814138732160638,27,12,2.783
The Negotiation - 30 Rock,30 Rock Official,04:28,7500,114,719026,349,2020-04-02T16:00:31Z,3,0.9850275807722616,35,12,4.467
"30 Rock - Therapy, Jack Style (Episode Highlight)",30 Rock Official,02:38,2330,28,158932,186,2017-07-12T17:00:01Z,4,0.9881255301102629,50,12,2.633
The Best of Cerie Xerox - 30 Rock,30 Rock Official,02:37,4071,78,538939,251,2020-01-16T14:00:04Z,5,0.9812002892263196,56,12,2.617
Guest Stars | Parks and Recreation | Comedy Bites,Comedy Bites,10:02,6866,155,520032,424,2019-11-12T20:00:02Z,6,0.977923372738926,65,12,10.033
Donaghy Can't Read Kenneth At Poker - 30 Rock,30 Rock Official,04:13,9284,211,1077391,375,2019-10-31T16:45:00Z,0,0.9777777777777777,3,13,4.217
Jack vs Banks - 30 Rock,30 Rock Official,10:01,6404,188,1029496,450,2017-11-24T17:30:00Z,1,0.9714805825242718,18,13,10.017
Jack Plays Colonizers of Malaar - 30 Rock,30 Rock Official,03:09,3548,76,407706,183,2019-10-15T13:00:10Z,2,0.9790286975717439,30,13,3.15
Conan Interviews His Assistant Sona Movsesian | CONAN on TBS,Team Coco,07:58,133442,1878,6893993,6976,2019-07-12T03:47:09Z,3,0.9861217853975761,39,13,7.967
Jack Dates Crazy Claire - 30 Rock,30 Rock Official,03:24,3287,64,577452,258,2019-09-14T13:00:04Z,4,0.9809012235153686,48,13,3.4
Liz Lemon's Perfect Jeans - 30 Rock,30 Rock Official,03:28,2218,41,199679,124,2020-07-28T13:00:14Z,5,0.981850376272687,56,13,3.467
Seinfeld Feels Insulted by Liz | Tina Fey Imitates Jerry Seinfeld | Relationship Advice | 30 Rock,30 Rock Official,05:18,5277,140,447931,322,2020-10-09T15:00:01Z,6,0.9741554365885177,63,13,5.3
Donaghy Can't Read Kenneth At Poker - 30 Rock,30 Rock Official,04:13,9284,211,1077391,375,2019-10-31T16:45:00Z,0,0.9777777777777777,10,14,4.217
Seeing The World Through Kenneth and Tracy's Eyes - 30 Rock,30 Rock Official,01:57,3058,23,236291,126,2019-01-06T17:00:07Z,1,0.9925348912690685,21,14,1.95
Behind the scenes with the muppets on 30 Rock,joycewebster8,03:11,697,10,144889,43,2009-10-04T09:35:31Z,2,0.9858557284299858,29,14,3.183
Jack vs Banks - 30 Rock,30 Rock Official,10:01,6404,188,1029496,450,2017-11-24T17:30:00Z,0,0.9714805825242718,2,15,10.017
Liz Lemon's Boyfriends - 30 Rock,30 Rock Official,10:03,6648,185,1031530,464,2017-12-29T17:00:05Z,1,0.9729255085613933,12,15,10.05
30 Rock: The Best of Liz Lemon,Kim,09:47,5651,171,1132725,697,2008-08-15T14:08:26Z,2,0.9706286499484713,22,15,9.783
Seinfeld Feels Insulted by Liz | Tina Fey Imitates Jerry Seinfeld | Relationship Advice | 30 Rock,30 Rock Official,05:18,5277,140,447931,322,2020-10-09T15:00:01Z,0,0.9741554365885177,3,16,5.3
Salma Hayek as The Black Widow - 30 Rock,30 Rock Official,05:55,3172,101,418530,232,2019-11-12T14:00:01Z,1,0.9691414604338527,17,16,5.917
Negotiating with Jack Donaghy,Michael H,05:01,4750,125,812313,333,2012-03-20T09:53:27Z,2,0.9743589743589743,24,16,5.017
Best Of: Good GOD! | 30 Rock,30 Rock Official,09:16,748,13,57361,36,2021-05-18T16:30:08Z,0,0.9829172141918529,9,17,9.267
Every Appearance Of Conan (Best Of Conan O’Brien) - 30 Rock,30 Rock Official,05:38,16061,446,1755715,852,2018-05-04T16:00:03Z,1,0.9729811595080875,16,17,5.633
Conan Arrives In Finland | Late Night with Conan O’Brien,Team Coco,13:40,44427,703,2918859,2701,2019-06-17T14:29:55Z,2,0.9844227786394859,25,17,13.667
Best of Arrested Development,Virginia L,17:17,15357,310,1062020,1107,2020-04-06T06:01:49Z,0,0.980213186953469,7,18,17.283
Liz Lemon's Boyfriends - 30 Rock,30 Rock Official,10:03,6648,185,1031530,464,2017-12-29T17:00:05Z,0,0.9729255085613933,1,19,10.05
Seinfeld Feels Insulted by Liz | Tina Fey Imitates Jerry Seinfeld | Relationship Advice | 30 Rock,30 Rock Official,05:18,5277,140,447931,322,2020-10-09T15:00:01Z,1,0.9741554365885177,15,19,5.3
Salma Hayek as The Black Widow - 30 Rock,30 Rock Official,05:55,3172,101,418530,232,2019-11-12T14:00:01Z,2,0.9691414604338527,30,19,5.917
Liz Lemon Was A BULLY! | Liz Lemon Was A MEAN Girl In High School | 30 Rock,30 Rock Official,05:17,5917,95,542076,533,2020-11-26T14:00:05Z,3,0.9841982701264138,40,19,5.283
Dr. Beaman's Office: Test Results - SNL,Saturday Night Live,06:51,34675,1939,5124123,1196,2013-09-12T23:23:08Z,0,0.9470421150379636,9,20,6.85
Every Appearance Of Conan (Best Of Conan O’Brien) - 30 Rock,30 Rock Official,05:38,16061,446,1755715,852,2018-05-04T16:00:03Z,0,0.9729811595080875,6,21,5.633
Contagious Laughter: Conan O'Brien Edition,Anthons,15:02,12086,182,814275,509,2020-01-31T23:56:35Z,1,0.9851646560156505,18,21,15.033
Seinfeld Feels Insulted by Liz | Tina Fey Imitates Jerry Seinfeld | Relationship Advice | 30 Rock,30 Rock Official,05:18,5277,140,447931,322,2020-10-09T15:00:01Z,0,0.9741554365885177,3,22,5.3
Liz Lemon Was A BULLY! | Liz Lemon Was A MEAN Girl In High School | 30 Rock,30 Rock Official,05:17,5917,95,542076,533,2020-11-26T14:00:05Z,1,0.9841982701264138,21,22,5.283
Kenneth’s Party - 30 Rock,30 Rock Official,02:40,4182,53,440445,158,2018-06-20T16:00:03Z,2,0.9874852420306965,29,22,2.667
Donaghy Can't Read Kenneth At Poker - 30 Rock,30 Rock Official,04:13,9284,211,1077391,375,2019-10-31T16:45:00Z,3,0.9777777777777777,33,22,4.217
Liz Lemon Was A BULLY! | Liz Lemon Was A MEAN Girl In High School | 30 Rock,30 Rock Official,05:17,5917,95,542076,533,2020-11-26T14:00:05Z,4,0.9841982701264138,51,22,5.283
The Funcooker - 30 Rock,30 Rock Official,02:46,2880,39,347500,134,2017-12-13T17:00:02Z,5,0.986639260020555,62,22,2.767
The Best of Cerie Xerox - 30 Rock,30 Rock Official,02:37,4071,78,538939,251,2020-01-16T14:00:04Z,6,0.9812002892263196,70,22,2.617
Salma Hayek as The Black Widow - 30 Rock,30 Rock Official,05:55,3172,101,418530,232,2019-11-12T14:00:01Z,7,0.9691414604338527,79,22,5.917
The Addiction - 30 Rock,30 Rock Official,02:29,6452,242,1238237,381,2018-08-15T16:00:05Z,8,0.9638482222886167,90,22,2.483
Liz Lemon's Perfect Jeans - 30 Rock,30 Rock Official,03:28,2218,41,199680,124,2020-07-28T13:00:14Z,9,0.981850376272687,102,22,3.467
Liz Exposes Abby - 30 Rock,30 Rock Official,02:38,10805,292,1502944,761,2018-01-03T17:00:08Z,10,0.9736865819590881,109,22,2.633
The New Writer Makes A Big Impression - 30 Rock,30 Rock Official,02:52,15208,763,2684099,908,2017-10-25T16:30:00Z,11,0.9522259094608979,118,22,2.867
The Best of the Pranksmen - 30 Rock,30 Rock Official,06:29,526,17,57683,31,2019-11-21T14:00:11Z,12,0.9686924493554327,128,22,6.483
Operation Righteous Cowboy Lightning | 30 Rock,30 Rock Official,04:52,1418,15,91952,80,2020-09-10T14:21:08Z,13,0.9895324494068388,144,22,4.867
Anna Howard Shaw Day At 30 Rock - 30 Rock,30 Rock Official,10:01,2050,70,298566,101,2018-02-14T00:00:01Z,14,0.9669811320754716,146,22,10.017
30 Rock - Best of Season 4,wwydotu,07:59,1520,70,327849,104,2011-01-29T06:15:15Z,15,0.9559748427672956,157,22,7.983
Salma Hayek as The Black Widow - 30 Rock,30 Rock Official,05:55,3172,101,418530,232,2019-11-12T14:00:01Z,0,0.9691414604338527,7,24,5.917
Seinfeld Feels Insulted by Liz | Tina Fey Imitates Jerry Seinfeld | Relationship Advice | 30 Rock,30 Rock Official,05:18,5277,140,447933,322,2020-10-09T15:00:01Z,1,0.9741554365885177,14,24,5.3
All the Oscar Winners and Nominees - 30 Rock,30 Rock Official,05:43,1713,47,155295,118,2020-02-06T14:00:08Z,2,0.9732954545454545,27,24,5.717
The Best of Tracy Jordan and Denise Richards - 30 Rock,30 Rock Official,03:24,961,18,84315,118,2019-12-12T14:00:05Z,3,0.9816138917262512,37,24,3.4
Donaghy's Stress Eating - 30 Rock,30 Rock Official,03:50,2620,56,320412,126,2019-11-16T20:30:00Z,4,0.9790732436472347,52,24,3.833
Going To The Church on Valentine's Day In Exchange For Sex | 30 Rock,30 Rock Official,04:30,372,3,23221,30,2021-02-12T16:00:09Z,5,0.992,57,24,4.5
CRIME just got a new WORST friend. GOD COP! | 30 Rock,30 Rock Official,03:48,716,11,51396,59,2021-01-20T15:00:13Z,6,0.984869325997249,71,24,3.8
Kenneth Seduces Banks - 30 Rock,30 Rock Official,03:30,2194,63,219738,142,2020-01-08T04:38:07Z,7,0.9720868409393,75,24,3.5
Jack's Gay Bomb - 30 Rock,30 Rock Official,02:04,1046,33,102122,86,2020-03-04T00:45:45Z,8,0.969416126042632,91,24,2.067
Operation Righteous Cowboy Lightning | 30 Rock,30 Rock Official,04:52,1418,15,91952,80,2020-09-10T14:21:08Z,9,0.9895324494068388,103,24,4.867
The Negotiation - 30 Rock,30 Rock Official,04:28,7500,114,719026,349,2020-04-02T16:00:31Z,10,0.9850275807722616,111,24,4.467
Anna Howard Shaw Day At 30 Rock - 30 Rock,30 Rock Official,10:01,2050,70,298566,101,2018-02-14T00:00:01Z,11,0.9669811320754716,122,24,10.017
Liz Lemon's Disastrous Dates - 30 Rock,NBC,12:01,2398,54,276005,199,2020-08-14T16:00:13Z,12,0.9779771615008157,128,24,12.017
All the Oscar Winners and Nominees - 30 Rock,30 Rock Official,05:43,1713,47,155296,118,2020-02-06T14:00:08Z,0,0.9732954545454545,7,25,5.717
The Addiction - 30 Rock,30 Rock Official,02:29,6452,242,1238238,381,2018-08-15T16:00:05Z,1,0.9638482222886167,16,25,2.483
Seinfeld Feels Insulted by Liz | Tina Fey Imitates Jerry Seinfeld | Relationship Advice | 30 Rock,30 Rock Official,05:18,5277,140,447933,322,2020-10-09T15:00:01Z,2,0.9741554365885177,26,25,5.3
The Negotiation - 30 Rock,30 Rock Official,04:28,7500,114,719026,349,2020-04-02T16:00:31Z,3,0.9850275807722616,39,25,4.467
Jack Donaghy - Six Sigma Wheel of Happiness Domination,Nick Lyon,02:33,1181,45,192055,65,2014-07-25T23:46:51Z,4,0.9632952691680261,48,25,2.55
Liz Lemon's Boyfriends - 30 Rock,30 Rock Official,10:03,6648,185,1031533,464,2017-12-29T17:00:05Z,0,0.9729255085613933,4,26,10.05
Every Appearance Of Conan (Best Of Conan O’Brien) - 30 Rock,30 Rock Official,05:38,16061,446,1755716,852,2018-05-04T16:00:03Z,1,0.9729811595080875,14,26,5.633
Donaghy Can't Read Kenneth At Poker - 30 Rock,30 Rock Official,04:13,9284,211,1077391,375,2019-10-31T16:45:00Z,2,0.9777777777777777,21,26,4.217
Kenneth is IMMORTAL | Kenneth's Immortality on '30 Rock' | 30 Rock,30 Rock Official,09:10,5280,78,333104,293,2020-10-19T16:00:30Z,3,0.9854423292273237,31,26,9.167
Every Appearance Of Conan (Best Of Conan O’Brien) - 30 Rock,30 Rock Official,05:38,16061,446,1755716,852,2018-05-04T16:00:03Z,4,0.9729811595080875,44,26,5.633
"""I Lie To Myself"" - 30 Rock",30 Rock Official,01:44,26250,90,450592,1038,2017-12-11T17:00:05Z,5,0.9965831435079726,51,26,1.733
Salma Hayek as The Black Widow - 30 Rock,30 Rock Official,05:55,3172,101,418530,232,2019-11-12T14:00:01Z,6,0.9691414604338527,64,26,5.917
Seinfeld Feels Insulted by Liz | Tina Fey Imitates Jerry Seinfeld | Relationship Advice | 30 Rock,30 Rock Official,05:18,5277,140,447933,322,2020-10-09T15:00:01Z,7,0.9741554365885177,76,26,5.3
Kenneth Takes the Midnight Train to Georgia - 30 Rock,30 Rock Official,03:19,2470,31,165707,162,2020-04-23T21:35:10Z,8,0.9876049580167933,83,26,3.317
The World's Greatest Funeral Speech - 30 Rock,30 Rock Official,03:42,1807,27,195135,86,2017-12-28T16:30:02Z,9,0.985278080697928,91,26,3.7
The Best of Jenna Maroney and Paul L'Astname - 30 Rock (Mashup),30 Rock Official,09:24,2621,77,271676,228,2019-10-03T19:28:16Z,10,0.9714603409933283,105,26,9.4
The Best of the Pranksmen - 30 Rock,30 Rock Official,06:29,526,17,57683,31,2019-11-21T14:00:11Z,11,0.9686924493554327,109,26,6.483
Every D'fwan Moment - 30 Rock,30 Rock Official,08:55,10289,216,918995,683,2018-01-05T17:30:01Z,12,0.979438362684436,121,26,8.917
Jack And Keneth Try To Erase An Embarrassing Drunk Phone Message After New Year's Eve | 30 Rock,30 Rock Official,05:47,704,8,51981,56,2020-12-30T15:00:10Z,13,0.9887640449438202,135,26,5.783
Jack Donaghy Glorious Entrance (First Scene) - 30 Rock,30 Rock Official,02:49,3274,52,402321,144,2017-08-10T15:00:04Z,14,0.9843656043295249,145,26,2.817
The Best of Cerie Xerox - 30 Rock,30 Rock Official,02:37,4071,78,538940,251,2020-01-16T14:00:04Z,15,0.9812002892263196,155,26,2.617
The New Writer Makes A Big Impression - 30 Rock,30 Rock Official,02:52,15208,763,2684099,908,2017-10-25T16:30:00Z,16,0.9522259094608979,162,26,2.867
Best of Jenna Maroney | 30 Rock,30 Rock Official,09:59,1223,12,74966,83,2021-05-25T16:30:07Z,17,0.9902834008097166,167,26,9.983
Liz Lemon's Flashbacks - 30 Rock,30 Rock Official,04:26,2479,38,197135,149,2020-03-05T14:00:02Z,18,0.9849026618990863,183,26,4.433
Don Geiss (Best Of Rip Torn) - 30 Rock,30 Rock Official,10:05,1518,32,187431,104,2019-07-10T13:47:14Z,19,0.9793548387096774,195,26,10.083
Jack vs Banks - 30 Rock,30 Rock Official,10:01,6404,188,1029499,450,2017-11-24T17:30:00Z,20,0.9714805825242718,198,26,10.017
Liz Lemon Was A BULLY! | Liz Lemon Was A MEAN Girl In High School | 30 Rock,30 Rock Official,05:17,5917,95,542077,533,2020-11-26T14:00:05Z,21,0.9841982701264138,215,26,5.283
Liz Lemon's Perfect Jeans - 30 Rock,30 Rock Official,03:28,2218,41,199680,124,2020-07-28T13:00:14Z,22,0.981850376272687,224,26,3.467
The Rural Juror - 30 Rock,30 Rock Official,02:47,2957,56,349881,126,2019-08-31T13:00:00Z,23,0.9814138732160638,231,26,2.783
The Negotiation - 30 Rock,30 Rock Official,04:28,7500,114,719026,349,2020-04-02T16:00:31Z,24,0.9850275807722616,240,26,4.467
Negotiating with Jack Donaghy,Michael H,05:01,4750,125,812315,333,2012-03-20T09:53:27Z,25,0.9743589743589743,249,26,5.017
30 Rock - Doctor's Diagnosis (Episode Highlight),30 Rock Official,01:53,638,6,72020,22,2017-10-19T06:58:41Z,0,0.9906832298136646,6,27,1.883
30 Rock - Crisis Control (Episode Highlight),30 Rock Official,04:58,1118,36,141677,72,2017-10-19T05:43:22Z,1,0.9688041594454073,14,27,4.967
Donaghy Can't Read Kenneth At Poker - 30 Rock,30 Rock Official,04:13,9284,211,1077391,375,2019-10-31T16:45:00Z,2,0.9777777777777777,31,27,4.217
Liz Lemon Was A BULLY! | Liz Lemon Was A MEAN Girl In High School | 30 Rock,30 Rock Official,05:17,5917,95,542077,533,2020-11-26T14:00:05Z,3,0.9841982701264138,42,27,5.283
Every Appearance Of Conan (Best Of Conan O’Brien) - 30 Rock,30 Rock Official,05:38,16061,446,1755716,852,2018-05-04T16:00:03Z,4,0.9729811595080875,47,27,5.633
Julia Louis-Dreyfus Steals Tina Fey’s Emmy | Late Night with Conan O’Brien,Team Coco,06:44,21986,350,1475789,1761,2020-04-16T18:45:01Z,5,0.984330229226361,61,27,6.733
Seinfeld Feels Insulted by Liz | Tina Fey Imitates Jerry Seinfeld | Relationship Advice | 30 Rock,30 Rock Official,05:18,5277,140,447933,322,2020-10-09T15:00:01Z,0,0.9741554365885177,4,28,5.3
Jerry Seinfeld: Everything In New York Is Irritating | Late Night with Conan O’Brien,Team Coco,05:28,7369,207,546961,737,2020-12-07T15:00:04Z,1,0.9726768743400211,19,28,5.467
30 Rock Jimmy Mo,grant dyer,:23,16,0,1009,1,2015-02-28T10:41:25Z,0,1.0,3,29,0.383
The Best Of Subhas Ramsaywack | 30 Rock,30 Rock Official,10:07,136,3,7491,23,2021-07-26T15:00:16Z,0,0.9784172661870504,9,30,10.117
Jack vs Banks - 30 Rock,30 Rock Official,10:01,6404,188,1029499,450,2017-11-24T17:30:00Z,1,0.9714805825242718,18,30,10.017
Donaghy Can't Read Kenneth At Poker - 30 Rock,30 Rock Official,04:13,9284,211,1077391,375,2019-10-31T16:45:00Z,2,0.9777777777777777,23,30,4.217
The Funniest Moments In Talk Show History Compilation,Comedy Space,22:48,65572,6803,10722799,2539,2020-10-20T19:33:30Z,3,0.9060034542314335,37,30,22.8
Jack vs Banks - 30 Rock,30 Rock Official,10:01,6404,188,1029499,450,2017-11-24T17:30:00Z,0,0.9714805825242718,8,31,10.017
Jack Donaghy's Life Lessons | 30 Rock,30 Rock Official,08:23,779,8,62104,55,2021-06-15T16:30:05Z,1,0.9898348157560356,12,31,8.383
Jack Donaghy - Six Sigma Wheel of Happiness Domination,Nick Lyon,02:33,1181,45,192055,65,2014-07-25T23:46:51Z,2,0.9632952691680261,23,31,2.55
Liz Lemon Was A BULLY! | Liz Lemon Was A MEAN Girl In High School | 30 Rock,30 Rock Official,05:17,5917,95,542077,533,2020-11-26T14:00:05Z,3,0.9841982701264138,37,31,5.283
Liz Exposes Abby - 30 Rock,30 Rock Official,02:38,10805,292,1502945,761,2018-01-03T17:00:08Z,4,0.9736865819590881,45,31,2.633
All the Oscar Winners and Nominees - 30 Rock,30 Rock Official,05:43,1713,47,155296,118,2020-02-06T14:00:08Z,0,0.9732954545454545,5,32,5.717
SNL on 30 Rock,30 Rock Official,03:31,1511,35,139015,118,2020-01-25T03:06:05Z,1,0.9773609314359638,13,32,3.517
Operation Righteous Cowboy Lightning | 30 Rock,30 Rock Official,04:52,1418,15,91952,80,2020-09-10T14:21:08Z,2,0.9895324494068388,28,32,4.867
Donaghy Can't Read Kenneth At Poker - 30 Rock,30 Rock Official,04:13,9284,211,1077391,375,2019-10-31T16:45:00Z,3,0.9777777777777777,36,32,4.217
Donaghy Can't Read Kenneth At Poker - 30 Rock,30 Rock Official,04:13,9284,211,1077391,375,2019-10-31T16:45:00Z,4,0.9777777777777777,47,32,4.217
Salma Hayek as The Black Widow - 30 Rock,30 Rock Official,05:55,3172,101,418530,232,2019-11-12T14:00:01Z,5,0.9691414604338527,52,32,5.917
The Best of Cerie Xerox - 30 Rock,30 Rock Official,02:37,4071,78,538940,251,2020-01-16T14:00:04Z,6,0.9812002892263196,68,32,2.617
Jack Donaghy Glorious Entrance (First Scene) - 30 Rock,30 Rock Official,02:49,3274,52,402321,144,2017-08-10T15:00:04Z,7,0.9843656043295249,80,32,2.817
30 Rock: The Best of Liz Lemon,Kim,09:47,5651,171,1132726,697,2008-08-15T14:08:26Z,8,0.9706286499484713,90,32,9.783
Best of Arrested Development,Virginia L,17:17,15357,310,1062028,1107,2020-04-06T06:01:49Z,0,0.980213186953469,9,33,17.283
Best of Arrested Development,Virginia L,17:17,15357,310,1062028,1107,2020-04-06T06:01:49Z,0,0.980213186953469,7,34,17.283
Seinfeld Feels Insulted by Liz | Tina Fey Imitates Jerry Seinfeld | Relationship Advice | 30 Rock,30 Rock Official,05:18,5277,140,447933,322,2020-10-09T15:00:01Z,0,0.9741554365885177,7,35,5.3
The Negotiation - 30 Rock,30 Rock Official,04:28,7500,114,719026,349,2020-04-02T16:00:31Z,1,0.9850275807722616,12,35,4.467
Seinfeld Feels Insulted by Liz | Tina Fey Imitates Jerry Seinfeld | Relationship Advice | 30 Rock,30 Rock Official,05:18,5277,140,447933,322,2020-10-09T15:00:01Z,2,0.9741554365885177,31,35,5.3
Liz Lemon Can't Handle a Sandwich From the ''Real America'' | 30 Rock,30 Rock Official,04:14,2643,66,286627,194,2020-10-30T16:13:28Z,3,0.9756367663344407,38,35,4.233
Ben Shapiro and Malcolm Nance on Critical Race Theory | Real Time with Bill Maher (HBO),Real Time with Bill Maher,09:31,24494,1752,1358313,29427,2021-08-07T03:02:06Z,4,0.9332469709670045,45,35,9.517
Best Of: Good GOD! | 30 Rock,30 Rock Official,09:16,748,13,57365,36,2021-05-18T16:30:08Z,0,0.9829172141918529,9,36,9.267
Every Appearance Of Conan (Best Of Conan O’Brien) - 30 Rock,30 Rock Official,05:38,16061,446,1755716,852,2018-05-04T16:00:03Z,1,0.9729811595080875,15,36,5.633
Conan Emmy Intro,zonerlite,06:59,37506,476,2994498,1747,2006-08-28T01:51:44Z,2,0.987467747880575,22,36,6.983
Donaghy Can't Read Kenneth At Poker - 30 Rock,30 Rock Official,04:13,9284,211,1077391,375,2019-10-31T16:45:00Z,3,0.9777777777777777,41,36,4.217
The Best of Cerie Xerox - 30 Rock,30 Rock Official,02:37,4071,78,538940,251,2020-01-16T14:00:04Z,4,0.9812002892263196,49,36,2.617
The New Writer Makes A Big Impression - 30 Rock,30 Rock Official,02:52,15208,763,2684102,908,2017-10-25T16:30:00Z,5,0.9522259094608979,56,36,2.867
The Negotiation - 30 Rock,30 Rock Official,04:28,7500,114,719026,349,2020-04-02T16:00:31Z,6,0.9850275807722616,70,36,4.467
Don Geiss (Best Of Rip Torn) - 30 Rock,30 Rock Official,10:05,1518,32,187431,104,2019-07-10T13:47:14Z,7,0.9793548387096774,80,36,10.083
Every D'fwan Moment - 30 Rock,30 Rock Official,08:55,10289,216,918995,683,2018-01-05T17:30:01Z,8,0.979438362684436,85,36,8.917
Best of Mona-lisa Saperstein - Parks and Recreation,Parks and Recreation,10:07,17733,418,1497167,901,2018-07-18T16:00:01Z,9,0.9769709657870089,100,36,10.117
All the Oscar Winners and Nominees - 30 Rock,30 Rock Official,05:43,1713,47,155296,118,2020-02-06T14:00:08Z,0,0.9732954545454545,4,37,5.717
Top 10 “30 Rock” Moments,WatchMojo.com,15:26,3497,735,563510,542,2016-05-28T19:00:00Z,1,0.8263232514177694,19,37,15.433
All the Oscar Winners and Nominees - 30 Rock,30 Rock Official,05:43,1713,47,155297,118,2020-02-06T14:00:08Z,0,0.9732954545454545,5,38,5.717
Best of Hazel Wassername | 30 Rock,30 Rock Official,10:06,585,16,50926,89,2021-06-08T16:30:01Z,1,0.9733777038269551,19,38,10.1
Jack Learns Social Media from Cerie - 30 Rock,30 Rock Official,02:38,2380,39,291310,151,2020-04-25T13:00:37Z,2,0.9838776353865234,28,38,2.633
Liz Exposes Abby - 30 Rock,30 Rock Official,02:38,10805,292,1502947,761,2018-01-03T17:00:08Z,3,0.9736865819590881,34,38,2.633
Tracy On Conan - 30 Rock,30 Rock Official,04:46,972,17,99690,81,2017-11-08T17:00:02Z,4,0.9828109201213346,44,38,4.767
Tracy Meets The Writers - 30 Rock,30 Rock Official,01:50,301,3,45725,15,2017-12-17T17:00:04Z,5,0.9901315789473685,52,38,1.833
"''If Women Are So Funny, Do Something Funny Right Now.'' | 30 Rock",30 Rock Official,04:21,653,18,55198,100,2021-02-04T16:00:10Z,6,0.9731743666169895,70,38,4.35
The Negotiation - 30 Rock,30 Rock Official,04:28,7500,114,719029,349,2020-04-02T16:00:31Z,7,0.9850275807722616,76,38,4.467
Jack Donaghy's Life Lessons | 30 Rock,30 Rock Official,08:23,779,8,62104,55,2021-06-15T16:30:05Z,8,0.9898348157560356,83,38,8.383
The Best of the Pranksmen - 30 Rock,30 Rock Official,06:29,526,17,57683,31,2019-11-21T14:00:11Z,9,0.9686924493554327,99,38,6.483
Frank's Iconic Hats Slogans | 30 Rock,30 Rock Official,10:07,202,4,20337,18,2020-11-20T16:51:24Z,10,0.9805825242718447,109,38,10.117
Kenneth's Complicated Secret Santa Game | Introducing ''Verdukianism'' Religion | 30 Rock,30 Rock Official,04:39,475,11,33759,35,2020-12-17T15:00:03Z,11,0.977366255144033,120,38,4.65
Kenneth’s Party - 30 Rock,30 Rock Official,02:40,4182,53,440445,158,2018-06-20T16:00:03Z,12,0.9874852420306965,131,38,2.667
The Funcooker - 30 Rock,30 Rock Official,02:46,2880,39,347501,134,2017-12-13T17:00:02Z,13,0.986639260020555,140,38,2.767
Liz Lemon's Greatest Love Isn't A Man: IT'S FOOD! | Liz LOVES Food Above Everything Else | 30 Rock,30 Rock Official,08:56,1725,33,131650,140,2020-11-14T15:00:07Z,14,0.9812286689419796,146,38,8.933
30 Rock - Best of Season 4,wwydotu,07:59,1520,70,327850,104,2011-01-29T06:15:15Z,15,0.9559748427672956,159,38,7.983
30 Rock - Doctor's Diagnosis (Episode Highlight),30 Rock Official,01:53,638,6,72020,22,2017-10-19T06:58:41Z,0,0.9906832298136646,6,39,1.883
Seinfeld Feels Insulted by Liz | Tina Fey Imitates Jerry Seinfeld | Relationship Advice | 30 Rock,30 Rock Official,05:18,5277,140,447935,322,2020-10-09T15:00:01Z,1,0.9741554365885177,20,39,5.3
Cash Cab With Tracey Jordan - 30 Rock,30 Rock Official,02:33,3018,34,189163,109,2018-03-25T15:00:00Z,2,0.9888597640891219,29,39,2.55
Cash Cab record amount of winnings,leadfoot418,02:49,574,30,193413,142,2008-12-23T15:53:40Z,3,0.9503311258278145,36,39,2.817
Best Of: Good GOD! | 30 Rock,30 Rock Official,09:16,748,13,57365,36,2021-05-18T16:30:08Z,0,0.9829172141918529,9,40,9.267
All the Oscar Winners and Nominees - 30 Rock,30 Rock Official,05:43,1713,47,155297,118,2020-02-06T14:00:08Z,1,0.9732954545454545,14,40,5.717
The Addiction - 30 Rock,30 Rock Official,02:29,6452,242,1238244,381,2018-08-15T16:00:05Z,2,0.9638482222886167,28,40,2.483
Jack Donaghy's Life Lessons | 30 Rock,30 Rock Official,08:23,779,8,62104,55,2021-06-15T16:30:05Z,3,0.9898348157560356,40,40,8.383
Kenneth’s Party - 30 Rock,30 Rock Official,02:40,4182,53,440445,158,2018-06-20T16:00:03Z,4,0.9874852420306965,50,40,2.667
30 Rock - Tracy's Plan for Jimmy Fallon (Episode Highlight),30 Rock Official,03:03,640,20,81925,36,2017-08-21T17:00:05Z,5,0.9696969696969697,52,40,3.05
CRIME just got a new WORST friend. GOD COP! | 30 Rock,30 Rock Official,03:48,716,11,51396,59,2021-01-20T15:00:13Z,6,0.984869325997249,66,40,3.8
Jack And Keneth Try To Erase An Embarrassing Drunk Phone Message After New Year's Eve | 30 Rock,30 Rock Official,05:47,704,8,51981,56,2020-12-30T15:00:10Z,7,0.9887640449438202,78,40,5.783
Best of Jenna Maroney | 30 Rock,30 Rock Official,09:59,1223,12,74966,83,2021-05-25T16:30:07Z,8,0.9902834008097166,84,40,9.983
Kenneth is IMMORTAL | Kenneth's Immortality on '30 Rock' | 30 Rock,30 Rock Official,09:10,5280,78,333108,293,2020-10-19T16:00:30Z,9,0.9854423292273237,100,40,9.167
Every Appearance Of Conan (Best Of Conan O’Brien) - 30 Rock,30 Rock Official,05:38,16061,446,1755718,852,2018-05-04T16:00:03Z,0,0.9729811595080875,3,41,5.633
Conan Emmy Intro,zonerlite,06:59,37506,476,2994498,1747,2006-08-28T01:51:44Z,1,0.987467747880575,13,41,6.983
30 Rock - Doctor's Diagnosis (Episode Highlight),30 Rock Official,01:53,638,6,72022,22,2017-10-19T06:58:41Z,0,0.9906832298136646,5,42,1.883
30 Rock - Crisis Control (Episode Highlight),30 Rock Official,04:58,1118,36,141678,72,2017-10-19T05:43:22Z,1,0.9688041594454073,18,42,4.967
Jenna's Fame - 30 Rock,30 Rock Official,03:54,1216,18,117845,48,2020-07-23T16:00:28Z,2,0.9854132901134521,30,42,3.9
Seinfeld Feels Insulted by Liz | Tina Fey Imitates Jerry Seinfeld | Relationship Advice | 30 Rock,30 Rock Official,05:18,5277,140,447935,322,2020-10-09T15:00:01Z,3,0.9741554365885177,40,42,5.3
Liz and Criss' Gay Porno Roleplay - 30 Rock,30 Rock Official,02:18,3244,63,313456,117,2018-01-14T17:00:07Z,4,0.9809495010583611,44,42,2.3
Best of Hazel Wassername | 30 Rock,30 Rock Official,10:06,585,16,50926,89,2021-06-08T16:30:01Z,5,0.9733777038269551,56,42,10.1
Best Of Jack Donaghy VS Kaylie Hooper (ft. Chloe Grace Moretz) | 30 Rock,30 Rock Official,10:00,1230,30,111353,119,2021-06-02T16:30:02Z,6,0.9761904761904762,69,42,10.0
"30 Rock - Therapy, Jack Style (Episode Highlight)",30 Rock Official,02:38,2330,28,158937,186,2017-07-12T17:00:01Z,7,0.9881255301102629,79,42,2.633
Salma Hayek as The Black Widow - 30 Rock,30 Rock Official,05:55,3172,101,418531,232,2019-11-12T14:00:01Z,8,0.9691414604338527,88,42,5.917
Liz Lemon Was A BULLY! | Liz Lemon Was A MEAN Girl In High School | 30 Rock,30 Rock Official,05:17,5917,95,542077,533,2020-11-26T14:00:05Z,9,0.9841982701264138,98,42,5.283
Liz Exposes Abby - 30 Rock,30 Rock Official,02:38,10805,292,1502947,761,2018-01-03T17:00:08Z,10,0.9736865819590881,105,42,2.633
30 Rock: Some Funny Clips,asilvermountzion1983,07:00,1390,87,298643,72,2009-09-19T01:53:40Z,11,0.9410968178740691,113,42,7.0
Jack Donaghy Glorious Entrance (First Scene) - 30 Rock,30 Rock Official,02:49,3274,52,402323,144,2017-08-10T15:00:04Z,0,0.9843656043295249,8,43,2.817
Every Appearance Of Conan (Best Of Conan O’Brien) - 30 Rock,30 Rock Official,05:38,16061,446,1755718,852,2018-05-04T16:00:03Z,1,0.9729811595080875,17,43,5.633
All the Oscar Winners and Nominees - 30 Rock,30 Rock Official,05:43,1713,47,155297,118,2020-02-06T14:00:08Z,2,0.9732954545454545,25,43,5.717
Donaghy Can't Read Kenneth At Poker - 30 Rock,30 Rock Official,04:13,9284,211,1077395,375,2019-10-31T16:45:00Z,0,0.9777777777777777,10,44,4.217
Every Appearance Of Conan (Best Of Conan O’Brien) - 30 Rock,30 Rock Official,05:38,16061,446,1755718,852,2018-05-04T16:00:03Z,1,0.9729811595080875,15,44,5.633
Alec Baldwin's Tracy Morgan Impersonation 12/05/11 | CONAN on TBS,Team Coco,01:56,16971,286,3380418,1004,2011-12-07T20:50:38Z,2,0.9834270151242974,28,44,1.933
Best Of: Good GOD! | 30 Rock,30 Rock Official,09:16,748,13,57365,36,2021-05-18T16:30:08Z,0,0.9829172141918529,9,45,9.267
30 Rock: The Best of Liz Lemon,Kim,09:47,5651,171,1132727,697,2008-08-15T14:08:26Z,1,0.9706286499484713,15,45,9.783
Every Appearance Of Conan (Best Of Conan O’Brien) - 30 Rock,30 Rock Official,05:38,16061,446,1755718,852,2018-05-04T16:00:03Z,0,0.9729811595080875,3,46,5.633
Liz Lemon's Boyfriends - 30 Rock,30 Rock Official,10:03,6648,185,1031534,464,2017-12-29T17:00:05Z,1,0.9729255085613933,14,46,10.05
Kenneth is IMMORTAL | Kenneth's Immortality on '30 Rock' | 30 Rock,30 Rock Official,09:10,5280,78,333111,293,2020-10-19T16:00:30Z,2,0.9854423292273237,29,46,9.167
30 Rock - Doctor's Diagnosis (Episode Highlight),30 Rock Official,01:53,638,6,72022,22,2017-10-19T06:58:41Z,0,0.9906832298136646,10,47,1.883
Alec Baldwin's Tracy Morgan Impersonation 12/05/11 | CONAN on TBS,Team Coco,01:56,16971,286,3380418,1004,2011-12-07T20:50:38Z,1,0.9834270151242974,21,47,1.933
Jack vs Banks - 30 Rock,30 Rock Official,10:01,6397,188,1029502,450,2017-11-24T17:30:00Z,0,0.971450265755505,1,48,10.017
"30 Rock - Therapy, Jack Style (Episode Highlight)",30 Rock Official,02:38,2330,28,158937,186,2017-07-12T17:00:01Z,1,0.9881255301102629,20,48,2.633
The Negotiation - 30 Rock,30 Rock Official,04:28,7500,114,719029,349,2020-04-02T16:00:31Z,2,0.9850275807722616,25,48,4.467
Liz Lemon Can't Handle a Sandwich From the ''Real America'' | 30 Rock,30 Rock Official,04:14,2643,66,286629,194,2020-10-30T16:13:28Z,3,0.9756367663344407,38,48,4.233
The Best of Cerie Xerox - 30 Rock,30 Rock Official,02:37,4071,78,538941,251,2020-01-16T14:00:04Z,4,0.9812002892263196,50,48,2.617
Arrested Development: Ninja Loans Scene,Vanessa Forney,02:29,1018,26,116408,79,2013-06-22T03:32:47Z,5,0.975095785440613,58,48,2.483
Dr. Beaman's Office: Test Results - SNL,Saturday Night Live,06:51,34675,1939,5124127,1196,2013-09-12T23:23:08Z,0,0.9470421150379636,8,49,6.85
Best Of Jack Donaghy VS Kaylie Hooper (ft. Chloe Grace Moretz) | 30 Rock,30 Rock Official,10:00,1230,30,111353,119,2021-06-02T16:30:02Z,0,0.9761904761904762,8,50,10.0
Liz Lemon Can't Handle a Sandwich From the ''Real America'' | 30 Rock,30 Rock Official,04:14,2643,66,286629,194,2020-10-30T16:13:28Z,1,0.9756367663344407,13,50,4.233
Liz Lemon Was A BULLY! | Liz Lemon Was A MEAN Girl In High School | 30 Rock,30 Rock Official,05:17,5917,95,542077,533,2020-11-26T14:00:05Z,2,0.9841982701264138,31,50,5.283
The Bubble - 30 Rock,30 Rock Official,05:21,1833,28,163721,148,2020-07-16T16:00:09Z,3,0.984954325631381,42,50,5.35
The Negotiation - 30 Rock,30 Rock Official,04:28,7500,114,719029,349,2020-04-02T16:00:31Z,4,0.9850275807722616,50,50,4.467
Every D'fwan Moment - 30 Rock,30 Rock Official,08:55,10289,216,918996,683,2018-01-05T17:30:01Z,5,0.979438362684436,57,50,8.917
Kenneth Takes the Midnight Train to Georgia - 30 Rock,30 Rock Official,03:19,2470,31,165708,162,2020-04-23T21:35:10Z,6,0.9876049580167933,69,50,3.317
Seeing The World Through Kenneth and Tracy's Eyes - 30 Rock,30 Rock Official,01:57,3058,23,236293,126,2019-01-06T17:00:07Z,7,0.9925348912690685,81,50,1.95
Liz Steals Jenna's Thunder - 30 Rock,30 Rock Official,04:34,3433,65,324230,248,2019-10-29T13:00:07Z,8,0.9814179531160663,93,50,4.567
The Negotiation - 30 Rock,30 Rock Official,04:28,7500,114,719029,349,2020-04-02T16:00:31Z,9,0.9850275807722616,105,50,4.467
30 Rock - Best of Season 4,wwydotu,07:59,1520,70,327851,104,2011-01-29T06:15:15Z,10,0.9559748427672956,111,50,7.983
Don Geiss (Best Of Rip Torn) - 30 Rock,30 Rock Official,10:05,1518,32,187431,104,2019-07-10T13:47:14Z,11,0.9793548387096774,120,50,10.083
Who Is Jack's Dad? | It's 30 Rock's Mamma Mia | 30 Rock,30 Rock Official,05:18,550,6,45514,34,2020-08-13T15:00:28Z,12,0.9892086330935251,131,50,5.3
30 Rock - Best of Season 4,wwydotu,07:59,1520,70,327851,104,2011-01-29T06:15:15Z,13,0.9559748427672956,143,50,7.983
Best Of: Good GOD! | 30 Rock,30 Rock Official,09:16,748,13,57365,36,2021-05-18T16:30:08Z,0,0.9829172141918529,9,51,9.267
Every Appearance Of Conan (Best Of Conan O’Brien) - 30 Rock,30 Rock Official,05:38,16061,446,1755718,852,2018-05-04T16:00:03Z,1,0.9729811595080875,14,51,5.633
Seinfeld Feels Insulted by Liz | Tina Fey Imitates Jerry Seinfeld | Relationship Advice | 30 Rock,30 Rock Official,05:18,5277,140,447935,322,2020-10-09T15:00:01Z,2,0.9741554365885177,27,51,5.3
Jack And Liz At The Doctor's - 30 Rock,30 Rock Official,01:49,1698,20,230637,50,2017-08-10T15:00:04Z,0,0.9883585564610011,8,52,1.817
"30 Rock - Therapy, Jack Style (Episode Highlight)",30 Rock Official,02:38,2330,28,158937,186,2017-07-12T17:00:01Z,1,0.9881255301102629,20,52,2.633
Alec Baldwin's Tracy Morgan Impersonation 12/05/11 | CONAN on TBS,Team Coco,01:56,16971,286,3380421,1004,2011-12-07T20:50:38Z,2,0.9834270151242974,28,52,1.933
Seinfeld Feels Insulted by Liz | Tina Fey Imitates Jerry Seinfeld | Relationship Advice | 30 Rock,30 Rock Official,05:18,5277,140,447935,322,2020-10-09T15:00:01Z,3,0.9741554365885177,40,52,5.3
Donaghy Can't Read Kenneth At Poker - 30 Rock,30 Rock Official,04:13,9285,211,1077398,375,2019-10-31T16:45:00Z,4,0.9777801179443977,49,52,4.217
Kenneth is IMMORTAL | Kenneth's Immortality on '30 Rock' | 30 Rock,30 Rock Official,09:10,5280,78,333111,293,2020-10-19T16:00:30Z,5,0.9854423292273237,54,52,9.167
Anna Howard Shaw Day At 30 Rock - 30 Rock,30 Rock Official,10:01,2050,70,298566,101,2018-02-14T00:00:01Z,6,0.9669811320754716,65,52,10.017
Operation Righteous Cowboy Lightning | 30 Rock,30 Rock Official,04:52,1413,15,91952,80,2020-09-10T14:21:08Z,7,0.9894957983193278,74,52,4.867
The Best of the Birthdays - 30 Rock,30 Rock Official,06:14,520,9,57060,33,2020-05-18T19:55:17Z,8,0.9829867674858223,90,52,6.233
30 Rock: Some Funny Clips,asilvermountzion1983,07:00,1388,87,298643,72,2009-09-19T01:53:40Z,9,0.9410169491525424,99,52,7.0
Kenneth is IMMORTAL | Kenneth's Immortality on '30 Rock' | 30 Rock,30 Rock Official,09:10,5280,78,333111,293,2020-10-19T16:00:30Z,0,0.9854423292273237,9,53,9.167
Liz Lemon's Boyfriends - 30 Rock,30 Rock Official,10:03,6648,185,1031537,464,2017-12-29T17:00:05Z,1,0.9729255085613933,14,53,10.05
What Is Sky Law? 30 Rock | Hollywood vs Reality,74 Gear,12:39,5900,57,106124,709,2021-03-28T14:00:00Z,2,0.9904314252140339,21,53,12.65
Best of Arrested Development,Virginia L,17:17,15359,310,1062032,1107,2020-04-06T06:01:49Z,0,0.9802157125534495,2,54,17.283
Jack vs Banks - 30 Rock,30 Rock Official,10:01,6397,188,1029502,450,2017-11-24T17:30:00Z,0,0.971450265755505,2,55,10.017
Salma Hayek as The Black Widow - 30 Rock,30 Rock Official,05:55,3172,101,418531,232,2019-11-12T14:00:01Z,1,0.9691414604338527,20,55,5.917
Liz Steals Jenna's Thunder - 30 Rock,30 Rock Official,04:34,3433,65,324230,248,2019-10-29T13:00:07Z,2,0.9814179531160663,25,55,4.567
Operation Righteous Cowboy Lightning | 30 Rock,30 Rock Official,04:52,1413,15,91952,80,2020-09-10T14:21:08Z,3,0.9894957983193278,37,55,4.867
Alec Baldwin's Tracy Morgan Impersonation 12/05/11 | CONAN on TBS,Team Coco,01:56,16971,286,3380421,1004,2011-12-07T20:50:38Z,4,0.9834270151242974,46,55,1.933
Jack Learns Social Media from Cerie - 30 Rock,30 Rock Official,02:38,2380,39,291312,151,2020-04-25T13:00:37Z,5,0.9838776353865234,52,55,2.633
Cerie Is Engaged - 30 Rock,30 Rock Official,02:38,1604,31,214003,114,2019-11-07T20:30:00Z,6,0.981039755351682,72,55,2.633
Salma Hayek as The Black Widow - 30 Rock,30 Rock Official,05:55,3172,101,418531,232,2019-11-12T14:00:01Z,7,0.9691414604338527,79,55,5.917
Every D'fwan Moment - 30 Rock,30 Rock Official,08:55,10289,216,918996,683,2018-01-05T17:30:01Z,8,0.979438362684436,88,55,8.917
The Very Best of Richard Splett *ALL SEASONS* VEEP SUPERCUT,Derek Brooks,58:38,2509,108,398690,324,2019-06-08T19:06:19Z,9,0.9587313717997707,103,55,58.633
Every Appearance Of Conan (Best Of Conan O’Brien) - 30 Rock,30 Rock Official,05:38,16061,446,1755718,852,2018-05-04T16:00:03Z,0,0.9729811595080875,5,56,5.633
Conan Staffers' Parents Give Tips On Improving The Show | CONAN on TBS,Team Coco,08:50,116728,2034,8613298,3623,2019-04-04T18:05:57Z,1,0.982873309644499,17,56,8.833
Liz Lemon's Boyfriends - 30 Rock,30 Rock Official,10:03,6648,185,1031537,464,2017-12-29T17:00:05Z,0,0.9729255085613933,1,57,10.05
Jack vs Banks - 30 Rock,30 Rock Official,10:01,6397,188,1029502,450,2017-11-24T17:30:00Z,1,0.971450265755505,13,57,10.017
Jack Donaghy's Life Lessons | 30 Rock,30 Rock Official,08:23,779,8,62107,55,2021-06-15T16:30:05Z,2,0.9898348157560356,24,57,8.383
Every Appearance Of Conan (Best Of Conan O’Brien) - 30 Rock,30 Rock Official,05:38,16061,446,1755718,852,2018-05-04T16:00:03Z,0,0.9729811595080875,3,58,5.633
Julia Louis-Dreyfus Steals Tina Fey’s Emmy | Late Night with Conan O’Brien,Team Coco,06:44,21986,350,1475793,1761,2020-04-16T18:45:01Z,1,0.984330229226361,19,58,6.733
Jack Donaghy Glorious Entrance (First Scene) - 30 Rock,30 Rock Official,02:49,3274,52,402323,144,2017-08-10T15:00:04Z,0,0.9843656043295249,7,59,2.817
The Addiction - 30 Rock,30 Rock Official,02:29,6452,242,1238247,381,2018-08-15T16:00:05Z,1,0.9638482222886167,17,59,2.483
Jack Donaghy - Six Sigma Wheel of Happiness Domination,Nick Lyon,02:33,1181,45,192055,65,2014-07-25T23:46:51Z,2,0.9632952691680261,29,59,2.55
Seinfeld Feels Insulted by Liz | Tina Fey Imitates Jerry Seinfeld | Relationship Advice | 30 Rock,30 Rock Official,05:18,5277,140,447935,322,2020-10-09T15:00:01Z,0,0.9741554365885177,4,60,5.3
Best of Hazel Wassername | 30 Rock,30 Rock Official,10:06,585,16,50927,89,2021-06-08T16:30:01Z,1,0.9733777038269551,17,60,10.1
The Best of Cerie Xerox - 30 Rock,30 Rock Official,02:37,4071,78,538942,251,2020-01-16T14:00:04Z,2,0.9812002892263196,26,60,2.617
Salma Hayek as The Black Widow - 30 Rock,30 Rock Official,05:55,3172,101,418533,232,2019-11-12T14:00:01Z,3,0.9691414604338527,35,60,5.917
30 Rock - Doctor's Diagnosis (Episode Highlight),30 Rock Official,01:53,638,6,72022,22,2017-10-19T06:58:41Z,4,0.9906832298136646,48,60,1.883
The Tracy Jordan Meat Machine - 30 Rock,30 Rock Official,01:30,512,6,47147,29,2018-04-29T16:00:03Z,5,0.9884169884169884,60,60,1.5
"Dr. Pepper ""Employee Greeting""",Brendan Clark,01:26,302,8,106564,18,2010-11-12T23:29:54Z,6,0.9741935483870968,66,60,1.433
The Best of Jenna Maroney and Paul L'Astname - 30 Rock (Mashup),30 Rock Official,09:24,2621,77,271676,228,2019-10-03T19:28:16Z,0,0.9714603409933283,9,61,9.4
The Musical Stylings of Jenna Maroney - 30 Rock,30 Rock Official,05:20,1130,16,74035,110,2020-01-02T14:00:05Z,1,0.9860383944153578,14,61,5.333
"""Kidney Now"" Song - 30 Rock",30 Rock Official,03:09,921,7,60856,111,2019-12-28T14:00:00Z,2,0.9924568965517241,23,61,3.15
“My Man” from Funny Girl (1968),Barbra Streisand,02:42,2262,22,75352,124,2020-11-25T05:14:47Z,3,0.9903677758318739,38,61,2.7
The Negotiation - 30 Rock,30 Rock Official,04:28,7500,114,719030,349,2020-04-02T16:00:31Z,4,0.9850275807722616,41,61,4.467
The Rural Juror - 30 Rock,30 Rock Official,02:47,2957,56,349883,126,2019-08-31T13:00:00Z,5,0.9814138732160638,53,61,2.783
Liz Goes HD - 30 Rock,30 Rock Official,02:10,3466,69,424162,214,2017-09-20T17:00:04Z,6,0.9804809052333805,64,61,2.167
Shawshank Redemption - On the Roof,David Roads,04:36,22316,1020,3684536,2087,2011-02-13T09:07:53Z,7,0.9562907096331847,78,61,4.6
Seinfeld Feels Insulted by Liz | Tina Fey Imitates Jerry Seinfeld | Relationship Advice | 30 Rock,30 Rock Official,05:18,5277,140,447935,322,2020-10-09T15:00:01Z,0,0.9741554365885177,4,62,5.3
Every Appearance Of Conan (Best Of Conan O’Brien) - 30 Rock,30 Rock Official,05:38,16061,446,1755718,852,2018-05-04T16:00:03Z,1,0.9729811595080875,12,62,5.633
Conan Interviews His Assistant Sona Movsesian | CONAN on TBS,Team Coco,07:58,133443,1878,6894022,6976,2019-07-12T03:47:09Z,2,0.9861218879553063,27,62,7.967
Liz Lemon's Boyfriends - 30 Rock,30 Rock Official,10:03,6648,185,1031537,464,2017-12-29T17:00:05Z,0,0.9729255085613933,1,63,10.05
Every Appearance Of Conan (Best Of Conan O’Brien) - 30 Rock,30 Rock Official,05:38,16061,446,1755718,852,2018-05-04T16:00:03Z,1,0.9729811595080875,15,63,5.633
Conan Staffers' Parents Give Tips On Improving The Show | CONAN on TBS,Team Coco,08:50,116728,2034,8613298,3623,2019-04-04T18:05:57Z,2,0.982873309644499,25,63,8.833
Jack And Liz At The Doctor's - 30 Rock,30 Rock Official,01:49,1698,20,230637,50,2017-08-10T15:00:04Z,0,0.9883585564610011,9,64,1.817
Jack Donaghy - Six Sigma Wheel of Happiness Domination,Nick Lyon,02:33,1181,45,192056,65,2014-07-25T23:46:51Z,1,0.9632952691680261,18,64,2.55
Seinfeld Feels Insulted by Liz | Tina Fey Imitates Jerry Seinfeld | Relationship Advice | 30 Rock,30 Rock Official,05:18,5277,140,447935,322,2020-10-09T15:00:01Z,0,0.9741554365885177,4,65,5.3
30 Rock - Seinfeldvision (Episode Highlight),30 Rock Official,01:31,614,9,75976,45,2017-07-10T17:04:51Z,1,0.985553772070626,18,65,1.517
Jack Explains SeinfeldVision - 30 Rock,30 Rock Official,02:12,2892,73,386371,103,2017-08-15T16:35:14Z,2,0.9753794266441821,23,65,2.2
Negotiating with Jack Donaghy,Michael H,05:01,4750,125,812318,333,2012-03-20T09:53:27Z,3,0.9743589743589743,37,65,5.017
The Best Of Subhas Ramsaywack | 30 Rock,30 Rock Official,10:07,136,3,7492,23,2021-07-26T15:00:16Z,0,0.9784172661870504,9,66,10.117
Jack Donaghy's Life Lessons | 30 Rock,30 Rock Official,08:23,779,8,62107,55,2021-06-15T16:30:05Z,1,0.9898348157560356,12,66,8.383
Jack Donaghy - Six Sigma Wheel of Happiness Domination,Nick Lyon,02:33,1181,45,192056,65,2014-07-25T23:46:51Z,2,0.9632952691680261,23,66,2.55
The Best of Jenna Maroney and Paul L'Astname - 30 Rock (Mashup),30 Rock Official,09:24,2621,77,271677,228,2019-10-03T19:28:16Z,3,0.9714603409933283,37,66,9.4
Sh!t Jenna Maroney Says (30 Rock),MrMorda898,02:54,3677,64,611222,277,2013-05-17T13:35:45Z,4,0.9828922747928361,46,66,2.9
Liz Meets Dr. Spaceman - 30 Rock,30 Rock Official,02:12,626,10,81981,33,2017-08-10T15:00:04Z,0,0.9842767295597484,8,67,2.2
"Dr. Pepper ""Employee Greeting""",Brendan Clark,01:26,302,8,106564,18,2010-11-12T23:29:54Z,1,0.9741935483870968,19,67,1.433
The Negotiation - 30 Rock,30 Rock Official,04:28,7500,114,719030,349,2020-04-02T16:00:31Z,2,0.9850275807722616,22,67,4.467
Donaghy Can't Read Kenneth At Poker - 30 Rock,30 Rock Official,04:13,9285,211,1077398,375,2019-10-31T16:45:00Z,3,0.9777801179443977,33,67,4.217
Seinfeld Feels Insulted by Liz | Tina Fey Imitates Jerry Seinfeld | Relationship Advice | 30 Rock,30 Rock Official,05:18,5277,140,447935,322,2020-10-09T15:00:01Z,4,0.9741554365885177,45,67,5.3
Jack McBrayer’s Penny-Pinching Recipe For White Trash Tiramisu | CONAN on TBS,Team Coco,03:54,6707,73,426573,487,2016-01-12T17:56:47Z,5,0.9892330383480826,53,67,3.9
Salma Hayek as The Black Widow - 30 Rock,30 Rock Official,05:55,3172,101,418533,232,2019-11-12T14:00:01Z,0,0.9691414604338527,6,68,5.917
Going To The Church on Valentine's Day In Exchange For Sex | 30 Rock,30 Rock Official,04:30,372,3,23222,30,2021-02-12T16:00:09Z,1,0.992,19,68,4.5
The Negotiation - 30 Rock,30 Rock Official,04:28,7500,114,719030,349,2020-04-02T16:00:31Z,2,0.9850275807722616,29,68,4.467
Negotiating with Jack Donaghy,Michael H,05:01,4750,125,812318,333,2012-03-20T09:53:27Z,3,0.9743589743589743,33,68,5.017
Seinfeld Feels Insulted by Liz | Tina Fey Imitates Jerry Seinfeld | Relationship Advice | 30 Rock,30 Rock Official,05:18,5277,140,447935,322,2020-10-09T15:00:01Z,0,0.9741554365885177,3,69,5.3
The Negotiation - 30 Rock,30 Rock Official,04:28,7500,114,719034,349,2020-04-02T16:00:31Z,1,0.9850275807722616,12,69,4.467
30 Rock: The Best of Liz Lemon,Kim,09:47,5651,171,1132728,697,2008-08-15T14:08:26Z,2,0.9706286499484713,31,69,9.783
Liz Exposes Abby - 30 Rock,30 Rock Official,02:38,10805,292,1502948,761,2018-01-03T17:00:08Z,3,0.9736865819590881,34,69,2.633
All the Oscar Winners and Nominees - 30 Rock,30 Rock Official,05:43,1713,47,155302,118,2020-02-06T14:00:08Z,4,0.9732954545454545,52,69,5.717
Best of Jenna Maroney | 30 Rock,30 Rock Official,09:59,1223,12,74968,83,2021-05-25T16:30:07Z,5,0.9902834008097166,60,69,9.983
HAM - 30 Rock,30 Rock Official,01:52,1226,16,146358,55,2017-11-01T17:30:01Z,6,0.9871175523349437,70,69,1.867
Jack Is An Evil Villain - 30 Rock,30 Rock Official,04:32,2266,46,299732,126,2018-02-07T17:00:01Z,7,0.9801038062283737,76,69,4.533
Liz Lemon Becomes a Villain - 30 Rock,30 Rock Official,03:26,1518,17,108320,150,2020-05-14T13:00:28Z,8,0.9889250814332248,93,69,3.433
Liz Goes HD - 30 Rock,30 Rock Official,02:10,3466,69,424164,214,2017-09-20T17:00:04Z,9,0.9804809052333805,100,69,2.167
The Rural Juror - 30 Rock,30 Rock Official,02:47,2957,56,349883,126,2019-08-31T13:00:00Z,10,0.9814138732160638,108,69,2.783
The Best of Jenna Maroney and Paul L'Astname - 30 Rock (Mashup),30 Rock Official,09:24,2621,77,271677,228,2019-10-03T19:28:16Z,11,0.9714603409933283,126,69,9.4
The Musical Stylings of Jenna Maroney - 30 Rock,30 Rock Official,05:20,1130,16,74036,110,2020-01-02T14:00:05Z,12,0.9860383944153578,130,69,5.333
"""Kidney Now"" Song - 30 Rock",30 Rock Official,03:09,921,7,60856,111,2019-12-28T14:00:00Z,13,0.9924568965517241,139,69,3.15
Kenneth Takes the Midnight Train to Georgia - 30 Rock,30 Rock Official,03:19,2470,31,165708,162,2020-04-23T21:35:10Z,14,0.9876049580167933,150,69,3.317
The Musical Stylings of Jenna Maroney - 30 Rock,30 Rock Official,05:20,1130,16,74036,110,2020-01-02T14:00:05Z,15,0.9860383944153578,163,69,5.333
Liz Breaks Up With Dennis | 30 Rock,30 Rock Official,03:17,98,2,5254,10,2021-08-06T15:00:08Z,16,0.98,173,69,3.283
Liz Lemon's Greatest Love Isn't A Man: IT'S FOOD! | Liz LOVES Food Above Everything Else | 30 Rock,30 Rock Official,08:56,1725,33,131652,140,2020-11-14T15:00:07Z,17,0.9812286689419796,180,69,8.933
Jack vs Banks - 30 Rock,30 Rock Official,10:01,6397,188,1029507,450,2017-11-24T17:30:00Z,18,0.971450265755505,193,69,10.017
Kenneth Seduces Banks - 30 Rock,30 Rock Official,03:30,2194,63,219740,142,2020-01-08T04:38:07Z,19,0.9720868409393,206,69,3.5
Seeing The World Through Kenneth and Tracy's Eyes - 30 Rock,30 Rock Official,01:57,3058,23,236293,126,2019-01-06T17:00:07Z,20,0.9925348912690685,211,69,1.95
The Funcooker - 30 Rock,30 Rock Official,02:46,2880,39,347502,134,2017-12-13T17:00:02Z,21,0.986639260020555,226,69,2.767
Jack Donaghy Glorious Entrance (First Scene) - 30 Rock,30 Rock Official,02:49,3274,52,402323,144,2017-08-10T15:00:04Z,22,0.9843656043295249,233,69,2.817
Jack Donaghy's Life Lessons | 30 Rock,30 Rock Official,08:23,779,8,62109,55,2021-06-15T16:30:05Z,23,0.9898348157560356,241,69,8.383
Best Of: Good GOD! | 30 Rock,30 Rock Official,09:16,748,13,57366,36,2021-05-18T16:30:08Z,24,0.9829172141918529,252,69,9.267
Don Geiss (Best Of Rip Torn) - 30 Rock,30 Rock Official,10:05,1518,32,187432,104,2019-07-10T13:47:14Z,25,0.9793548387096774,271,69,10.083
30 Rock: The Best of Liz Lemon,Kim,09:47,5651,171,1132728,697,2008-08-15T14:08:26Z,26,0.9706286499484713,274,69,9.783
30 Rock: The Best of Liz Lemon,Kim,09:47,5651,171,1132728,697,2008-08-15T14:08:26Z,0,0.9706286499484713,8,70,9.783
"Dr. Pepper ""Employee Greeting""",Brendan Clark,01:26,302,8,106564,18,2010-11-12T23:29:54Z,0,0.9741935483870968,5,71,1.433
Jack Donaghy Glorious Entrance (First Scene) - 30 Rock,30 Rock Official,02:49,3274,52,402323,144,2017-08-10T15:00:04Z,0,0.9843656043295249,8,72,2.817
Jack Donaghy - Six Sigma Wheel of Happiness Domination,Nick Lyon,02:33,1181,45,192056,65,2014-07-25T23:46:51Z,1,0.9632952691680261,15,72,2.55
Salma Hayek as The Black Widow - 30 Rock,30 Rock Official,05:55,3172,101,418534,232,2019-11-12T14:00:01Z,0,0.9691414604338527,6,73,5.917
Negotiating with Jack Donaghy,Michael H,05:01,4750,125,812318,333,2012-03-20T09:53:27Z,1,0.9743589743589743,15,73,5.017
All the Oscar Winners and Nominees - 30 Rock,30 Rock Official,05:43,1713,47,155302,118,2020-02-06T14:00:08Z,0,0.9732954545454545,6,74,5.717
SNL on 30 Rock,30 Rock Official,03:31,1511,35,139015,118,2020-01-25T03:06:05Z,1,0.9773609314359638,14,74,3.517
The Best of Cerie Xerox - 30 Rock,30 Rock Official,02:37,4071,78,538943,251,2020-01-16T14:00:04Z,2,0.9812002892263196,26,74,2.617
Jan Foster - 30 Rock,30 Rock Official,02:09,861,7,68771,69,2020-04-09T16:00:06Z,3,0.9919354838709677,39,74,2.15
Jack Dates Crazy Claire - 30 Rock,30 Rock Official,03:24,3287,64,577453,258,2019-09-14T13:00:04Z,4,0.9809012235153686,44,74,3.4
All the Oscar Winners and Nominees - 30 Rock,30 Rock Official,05:43,1713,47,155302,118,2020-02-06T14:00:08Z,5,0.9732954545454545,60,74,5.717
Best Of: Good GOD! | 30 Rock,30 Rock Official,09:16,748,13,57366,36,2021-05-18T16:30:08Z,0,0.9829172141918529,6,75,9.267
Seinfeld Feels Insulted by Liz | Tina Fey Imitates Jerry Seinfeld | Relationship Advice | 30 Rock,30 Rock Official,05:18,5277,140,447935,322,2020-10-09T15:00:01Z,1,0.9741554365885177,19,75,5.3
Liz Lemon's Boyfriends - 30 Rock,30 Rock Official,10:03,6648,185,1031539,464,2017-12-29T17:00:05Z,2,0.9729255085613933,24,75,10.05
Every Appearance Of Conan (Best Of Conan O’Brien) - 30 Rock,30 Rock Official,05:38,16061,446,1755722,852,2018-05-04T16:00:03Z,3,0.9729811595080875,37,75,5.633
The Best of Cerie Xerox - 30 Rock,30 Rock Official,02:37,4071,78,538943,251,2020-01-16T14:00:04Z,4,0.9812002892263196,49,75,2.617
Jack Donaghy's Life Lessons | 30 Rock,30 Rock Official,08:23,779,8,62109,55,2021-06-15T16:30:05Z,5,0.9898348157560356,59,75,8.383
The Best of Cerie Xerox - 30 Rock,30 Rock Official,02:37,4071,78,538943,251,2020-01-16T14:00:04Z,6,0.9812002892263196,62,75,2.617
The New Writer Makes A Big Impression - 30 Rock,30 Rock Official,02:52,15208,763,2684105,908,2017-10-25T16:30:00Z,7,0.9522259094608979,77,75,2.867
Liz Breaks Up With Dennis | 30 Rock,30 Rock Official,03:17,98,2,5254,10,2021-08-06T15:00:08Z,8,0.98,88,75,3.283
30 Rock - Best of Season 4,wwydotu,07:59,1520,70,327853,104,2011-01-29T06:15:15Z,9,0.9559748427672956,94,75,7.983
Salma Hayek as The Black Widow - 30 Rock,30 Rock Official,05:55,3172,101,418534,232,2019-11-12T14:00:01Z,0,0.9691414604338527,7,76,5.917
Seinfeld Feels Insulted by Liz | Tina Fey Imitates Jerry Seinfeld | Relationship Advice | 30 Rock,30 Rock Official,05:18,5277,140,447935,322,2020-10-09T15:00:01Z,1,0.9741554365885177,15,76,5.3
Liz Lemon's Greatest Love Isn't A Man: IT'S FOOD! | Liz LOVES Food Above Everything Else | 30 Rock,30 Rock Official,08:56,1725,33,131654,140,2020-11-14T15:00:07Z,2,0.9812286689419796,24,76,8.933
The Negotiation - 30 Rock,30 Rock Official,04:28,7500,114,719034,349,2020-04-02T16:00:31Z,3,0.9850275807722616,36,76,4.467
Liz Lemon's Perfect Jeans - 30 Rock,30 Rock Official,03:28,2218,41,199682,124,2020-07-28T13:00:14Z,4,0.981850376272687,50,76,3.467
Liz Lemon Dates Her Cousin - 30 Rock,30 Rock Official,02:45,1900,36,202268,297,2020-01-18T14:00:01Z,5,0.981404958677686,58,76,2.75
Donaghy's Stress Eating - 30 Rock,30 Rock Official,03:50,2620,56,320412,126,2019-11-16T20:30:00Z,6,0.9790732436472347,69,76,3.833
Liz Exposes Abby - 30 Rock,30 Rock Official,02:38,10805,292,1502948,761,2018-01-03T17:00:08Z,7,0.9736865819590881,78,76,2.633
30 Rock - The Rural Juror (Episode Highlight),30 Rock Official,01:21,251,42,44678,7,2017-07-07T17:31:55Z,8,0.856655290102389,83,76,1.35
Don Geiss (Best Of Rip Torn) - 30 Rock,30 Rock Official,10:05,1518,32,187433,104,2019-07-10T13:47:14Z,9,0.9793548387096774,94,76,10.083
Liz Lemon's Disastrous Dates - 30 Rock,NBC,12:01,2398,54,276014,199,2020-08-14T16:00:13Z,10,0.9779771615008157,106,76,12.017
30 Rock - Doctor's Diagnosis (Episode Highlight),30 Rock Official,01:53,638,6,72022,22,2017-10-19T06:58:41Z,0,0.9906832298136646,6,77,1.883
Negotiating with Jack Donaghy,Michael H,05:01,4750,125,812318,333,2012-03-20T09:53:27Z,1,0.9743589743589743,17,77,5.017
Every Appearance Of Conan (Best Of Conan O’Brien) - 30 Rock,30 Rock Official,05:38,16061,446,1755722,852,2018-05-04T16:00:03Z,0,0.9729811595080875,6,78,5.633
Conan Arrives In Finland | Late Night with Conan O’Brien,Team Coco,13:40,44427,703,2918890,2701,2019-06-17T14:29:55Z,1,0.9844227786394859,18,78,13.667
Best of Arrested Development,Virginia L,17:17,15359,310,1062050,1107,2020-04-06T06:01:49Z,0,0.9802157125534495,6,79,17.283
The Best Of Subhas Ramsaywack | 30 Rock,30 Rock Official,10:07,136,3,7492,23,2021-07-26T15:00:16Z,0,0.9784172661870504,8,80,10.117
Liz Lemon's Boyfriends - 30 Rock,30 Rock Official,10:03,6648,185,1031541,464,2017-12-29T17:00:05Z,1,0.9729255085613933,16,80,10.05
Donaghy Can't Read Kenneth At Poker - 30 Rock,30 Rock Official,04:13,9285,211,1077402,375,2019-10-31T16:45:00Z,2,0.9777801179443977,27,80,4.217
Kenneth Takes the Midnight Train to Georgia - 30 Rock,30 Rock Official,03:19,2470,31,165708,162,2020-04-23T21:35:10Z,3,0.9876049580167933,41,80,3.317
Jack Donaghy - Six Sigma Wheel of Happiness Domination,Nick Lyon,02:33,1181,45,192056,65,2014-07-25T23:46:51Z,4,0.9632952691680261,49,80,2.55
30 Rock - Doctor's Diagnosis (Episode Highlight),30 Rock Official,01:53,638,6,72022,22,2017-10-19T06:58:41Z,0,0.9906832298136646,5,81,1.883
Negotiating with Jack Donaghy,Michael H,05:01,4750,125,812319,333,2012-03-20T09:53:27Z,1,0.9743589743589743,18,81,5.017
30 Rock - Doing What's Right (Episode Highlight),30 Rock Official,04:31,800,10,82179,60,2017-10-19T22:13:44Z,2,0.9876543209876543,22,81,4.517
Liz and Criss' Gay Porno Roleplay - 30 Rock,30 Rock Official,02:18,3244,63,313463,117,2018-01-14T17:00:07Z,3,0.9809495010583611,38,81,2.3
The Funniest Moments In Talk Show History Compilation,Comedy Space,22:48,65573,6803,10722944,2541,2020-10-20T19:33:30Z,4,0.9060047529567813,47,81,22.8
Jack vs Banks - 30 Rock,30 Rock Official,10:01,6397,188,1029509,450,2017-11-24T17:30:00Z,0,0.971450265755505,2,82,10.017
The Negotiation - 30 Rock,30 Rock Official,04:28,7500,114,719034,349,2020-04-02T16:00:31Z,1,0.9850275807722616,15,82,4.467
Jack Donaghy's Life Lessons | 30 Rock,30 Rock Official,08:23,779,8,62111,55,2021-06-15T16:30:05Z,2,0.9898348157560356,22,82,8.383
Drunk Jack - 30 Rock,30 Rock Official,03:15,1483,24,198483,84,2018-04-01T16:00:05Z,3,0.9840743198407432,37,82,3.25
Seinfeld Feels Insulted by Liz | Tina Fey Imitates Jerry Seinfeld | Relationship Advice | 30 Rock,30 Rock Official,05:18,5277,140,447938,322,2020-10-09T15:00:01Z,4,0.9741554365885177,49,82,5.3
Donaghy's Stress Eating - 30 Rock,30 Rock Official,03:50,2620,56,320412,126,2019-11-16T20:30:00Z,5,0.9790732436472347,56,82,3.833
Best Of Jack Donaghy VS Kaylie Hooper (ft. Chloe Grace Moretz) | 30 Rock,30 Rock Official,10:00,1231,30,111357,119,2021-06-02T16:30:02Z,6,0.9762093576526566,67,82,10.0
Liz Lemon Was A BULLY! | Liz Lemon Was A MEAN Girl In High School | 30 Rock,30 Rock Official,05:17,5917,95,542079,533,2020-11-26T14:00:05Z,7,0.9841982701264138,82,82,5.283
Liz Lemon Can't Handle a Sandwich From the ''Real America'' | 30 Rock,30 Rock Official,04:14,2643,66,286637,194,2020-10-30T16:13:28Z,8,0.9756367663344407,92,82,4.233
Jack and Liz In Bed - 30 Rock,30 Rock Official,04:12,1650,27,185260,117,2017-12-26T17:00:04Z,9,0.9838998211091234,96,82,4.2
Anna Howard Shaw Day At 30 Rock - 30 Rock,30 Rock Official,10:01,2050,70,298566,101,2018-02-14T00:00:01Z,10,0.9669811320754716,105,82,10.017
Don Geiss (Best Of Rip Torn) - 30 Rock,30 Rock Official,10:05,1518,32,187433,104,2019-07-10T13:47:14Z,11,0.9793548387096774,116,82,10.083
Negotiating with Jack Donaghy,Michael H,05:01,4750,125,812319,333,2012-03-20T09:53:27Z,12,0.9743589743589743,132,82,5.017
Best Of: Good GOD! | 30 Rock,30 Rock Official,09:16,748,13,57370,36,2021-05-18T16:30:08Z,0,0.9829172141918529,3,83,9.267
Best Of Jack Donaghy VS Kaylie Hooper (ft. Chloe Grace Moretz) | 30 Rock,30 Rock Official,10:00,1231,30,111357,119,2021-06-02T16:30:02Z,1,0.9762093576526566,14,83,10.0
The Negotiation - 30 Rock,30 Rock Official,04:28,7500,114,719036,349,2020-04-02T16:00:31Z,2,0.9850275807722616,29,83,4.467
Kenneth is IMMORTAL | Kenneth's Immortality on '30 Rock' | 30 Rock,30 Rock Official,09:10,5280,78,333119,293,2020-10-19T16:00:30Z,3,0.9854423292273237,38,83,9.167
Operation Righteous Cowboy Lightning | 30 Rock,30 Rock Official,04:52,1413,15,91952,80,2020-09-10T14:21:08Z,4,0.9894957983193278,50,83,4.867
Liz Lemon's Boyfriends - 30 Rock,30 Rock Official,10:03,6648,185,1031541,464,2017-12-29T17:00:05Z,5,0.9729255085613933,60,83,10.05
Liz Lemon Can't Handle a Sandwich From the ''Real America'' | 30 Rock,30 Rock Official,04:14,2643,66,286637,194,2020-10-30T16:13:28Z,6,0.9756367663344407,69,83,4.233
The Rural Juror - 30 Rock,30 Rock Official,02:47,2957,56,349885,126,2019-08-31T13:00:00Z,7,0.9814138732160638,77,83,2.783
Liz Steals Jenna's Thunder - 30 Rock,30 Rock Official,04:34,3433,65,324236,248,2019-10-29T13:00:07Z,8,0.9814179531160663,87,83,4.567
Best of Jenna Maroney | 30 Rock,30 Rock Official,09:59,1223,12,74970,83,2021-05-25T16:30:07Z,9,0.9902834008097166,96,83,9.983
Jenna's Royal Affair - 30 Rock,30 Rock Official,05:11,1589,27,154206,164,2020-04-16T16:00:07Z,10,0.9832920792079208,113,83,5.183
"Jenna ""Yokos"" a Band - 30 Rock",30 Rock Official,05:29,1381,42,168237,150,2020-04-21T13:00:07Z,11,0.9704848910751932,116,83,5.483
30 Rock - Best of Season 4,wwydotu,07:59,1520,70,327853,104,2011-01-29T06:15:15Z,12,0.9559748427672956,126,83,7.983
All the Oscar Winners and Nominees - 30 Rock,30 Rock Official,05:43,1713,47,155305,118,2020-02-06T14:00:08Z,0,0.9732954545454545,6,84,5.717
Best of Hazel Wassername | 30 Rock,30 Rock Official,10:06,585,16,50929,89,2021-06-08T16:30:01Z,1,0.9733777038269551,18,84,10.1
Donaghy's Stress Eating - 30 Rock,30 Rock Official,03:50,2620,56,320413,126,2019-11-16T20:30:00Z,2,0.9790732436472347,27,84,3.833
Jack Plays Colonizers of Malaar - 30 Rock,30 Rock Official,03:09,3548,76,407709,183,2019-10-15T13:00:10Z,3,0.9790286975717439,38,84,3.15
Liz Goes HD - 30 Rock,30 Rock Official,02:10,3466,69,424164,214,2017-09-20T17:00:04Z,4,0.9804809052333805,42,84,2.167
Jack Can't Act - 30 Rock,30 Rock Official,03:06,2140,66,344289,86,2017-08-10T15:00:04Z,5,0.970081595648232,53,84,3.1
Donaghy Can't Read Kenneth At Poker - 30 Rock,30 Rock Official,04:13,9285,211,1077405,375,2019-10-31T16:45:00Z,6,0.9777801179443977,61,84,4.217
The Best of Cerie Xerox - 30 Rock,30 Rock Official,02:37,4071,78,538944,251,2020-01-16T14:00:04Z,7,0.9812002892263196,74,84,2.617
Every D'fwan Moment - 30 Rock,30 Rock Official,08:55,10289,216,918997,683,2018-01-05T17:30:01Z,8,0.979438362684436,87,84,8.917
Liz Lemon's Boyfriends - 30 Rock,30 Rock Official,10:03,6648,185,1031541,464,2017-12-29T17:00:05Z,0,0.9729255085613933,1,85,10.05
Seinfeld Feels Insulted by Liz | Tina Fey Imitates Jerry Seinfeld | Relationship Advice | 30 Rock,30 Rock Official,05:18,5277,140,447938,322,2020-10-09T15:00:01Z,1,0.9741554365885177,18,85,5.3
Jack Dates Crazy Claire - 30 Rock,30 Rock Official,03:24,3287,64,577453,258,2019-09-14T13:00:04Z,2,0.9809012235153686,27,85,3.4
Donaghy's Stress Eating - 30 Rock,30 Rock Official,03:50,2620,56,320413,126,2019-11-16T20:30:00Z,3,0.9790732436472347,39,85,3.833
Jack Donaghy - Six Sigma Wheel of Happiness Domination,Nick Lyon,02:33,1181,45,192056,65,2014-07-25T23:46:51Z,4,0.9632952691680261,51,85,2.55
Every Appearance Of Conan (Best Of Conan O’Brien) - 30 Rock,30 Rock Official,05:38,16061,446,1755725,852,2018-05-04T16:00:03Z,0,0.9729811595080875,5,86,5.633
Conan Staffers' Parents Give Tips On Improving The Show | CONAN on TBS,Team Coco,08:50,116728,2034,8613330,3623,2019-04-04T18:05:57Z,1,0.982873309644499,20,86,8.833
Liz Lemon's Boyfriends - 30 Rock,30 Rock Official,10:03,6648,185,1031541,464,2017-12-29T17:00:05Z,0,0.9729255085613933,1,87,10.05
Liz Lemon's Disastrous Dates - 30 Rock,NBC,12:01,2398,54,276016,199,2020-08-14T16:00:13Z,1,0.9779771615008157,14,87,12.017
Jack And Liz At The Doctor's - 30 Rock,30 Rock Official,01:49,1698,20,230638,50,2017-08-10T15:00:04Z,0,0.9883585564610011,8,88,1.817
All the Oscar Winners and Nominees - 30 Rock,30 Rock Official,05:43,1713,47,155305,118,2020-02-06T14:00:08Z,1,0.9732954545454545,20,88,5.717
The Best of Tracy Jordan and Denise Richards - 30 Rock,30 Rock Official,03:24,961,18,84316,118,2019-12-12T14:00:05Z,2,0.9816138917262512,25,88,3.4
The Addiction - 30 Rock,30 Rock Official,02:29,6452,242,1238249,381,2018-08-15T16:00:05Z,3,0.9638482222886167,36,88,2.483
The New Writer Makes A Big Impression - 30 Rock,30 Rock Official,02:52,15208,763,2684105,908,2017-10-25T16:30:00Z,4,0.9522259094608979,47,88,2.867
The Addiction - 30 Rock,30 Rock Official,02:29,6452,242,1238249,381,2018-08-15T16:00:05Z,5,0.9638482222886167,59,88,2.483
Every Appearance Of Conan (Best Of Conan O’Brien) - 30 Rock,30 Rock Official,05:38,16061,446,1755725,852,2018-05-04T16:00:03Z,0,0.9729811595080875,4,89,5.633
Liz Lemon's Boyfriends - 30 Rock,30 Rock Official,10:03,6648,185,1031541,464,2017-12-29T17:00:05Z,1,0.9729255085613933,13,89,10.05
All the Oscar Winners and Nominees - 30 Rock,30 Rock Official,05:43,1713,47,155305,118,2020-02-06T14:00:08Z,2,0.9732954545454545,23,89,5.717
Jack Dates Crazy Claire - 30 Rock,30 Rock Official,03:24,3287,64,577453,258,2019-09-14T13:00:04Z,3,0.9809012235153686,33,89,3.4
The Negotiation - 30 Rock,30 Rock Official,04:28,7500,114,719036,349,2020-04-02T16:00:31Z,4,0.9850275807722616,49,89,4.467
Jack vs Banks - 30 Rock,30 Rock Official,10:01,6397,188,1029509,450,2017-11-24T17:30:00Z,5,0.971450265755505,55,89,10.017
The Negotiation - 30 Rock,30 Rock Official,04:28,7500,114,719036,349,2020-04-02T16:00:31Z,6,0.9850275807722616,68,89,4.467
The Rural Juror - 30 Rock,30 Rock Official,02:47,2957,56,349885,126,2019-08-31T13:00:00Z,7,0.9814138732160638,75,89,2.783
The Negotiation - 30 Rock,30 Rock Official,04:28,7500,114,719036,349,2020-04-02T16:00:31Z,8,0.9850275807722616,90,89,4.467
Every D'fwan Moment - 30 Rock,30 Rock Official,08:55,10289,216,918997,683,2018-01-05T17:30:01Z,9,0.979438362684436,101,89,8.917
Best of Mona-lisa Saperstein - Parks and Recreation,Parks and Recreation,10:07,17733,418,1497201,901,2018-07-18T16:00:01Z,10,0.9769709657870089,109,89,10.117
Best Of: Good GOD! | 30 Rock,30 Rock Official,09:16,748,13,57370,36,2021-05-18T16:30:08Z,0,0.9829172141918529,7,90,9.267
Every Appearance Of Conan (Best Of Conan O’Brien) - 30 Rock,30 Rock Official,05:38,16061,446,1755725,852,2018-05-04T16:00:03Z,1,0.9729811595080875,18,90,5.633
Liz Lemon Was A BULLY! | Liz Lemon Was A MEAN Girl In High School | 30 Rock,30 Rock Official,05:17,5917,95,542079,533,2020-11-26T14:00:05Z,2,0.9841982701264138,28,90,5.283
The Negotiation - 30 Rock,30 Rock Official,04:28,7500,114,719036,349,2020-04-02T16:00:31Z,0,0.9850275807722616,9,91,4.467
Dennis Embarrasses Liz in front of Jack | 30 Rock,30 Rock Official,05:34,137,2,9505,19,2021-08-02T15:30:08Z,1,0.9856115107913669,13,91,5.567
Jack Tricks Liz Into Confessing | 30 Rock,30 Rock Official,02:57,213,2,14668,9,2021-07-30T15:00:25Z,2,0.9906976744186047,24,91,2.95
Liz Lemon Gets in a Fight - 30 Rock,30 Rock Official,01:53,1699,26,153641,98,2020-07-23T13:00:00Z,3,0.984927536231884,35,91,1.883
Liz Lemon Was A BULLY! | Liz Lemon Was A MEAN Girl In High School | 30 Rock,30 Rock Official,05:17,5917,95,542079,533,2020-11-26T14:00:05Z,4,0.9841982701264138,47,91,5.283
Liz Lemon's Flashbacks - 30 Rock,30 Rock Official,04:26,2480,38,197136,149,2020-03-05T14:00:02Z,5,0.9849086576648134,53,91,4.433
Liz Lemon Can't Handle a Sandwich From the ''Real America'' | 30 Rock,30 Rock Official,04:14,2643,66,286640,194,2020-10-30T16:13:28Z,6,0.9756367663344407,68,91,4.233
Drunk Jack - 30 Rock,30 Rock Official,03:15,1483,24,198483,84,2018-04-01T16:00:05Z,7,0.9840743198407432,70,91,3.25
Jack Donaghy's Best Negotiations - 30 Rock,30 Rock Official,02:27,993,13,95970,19,2020-03-12T13:00:08Z,8,0.9870775347912525,84,91,2.45
Jack Donaghy Glorious Entrance (First Scene) - 30 Rock,30 Rock Official,02:49,3274,52,402324,144,2017-08-10T15:00:04Z,9,0.9843656043295249,94,91,2.817
30 Rock: Some Funny Clips,asilvermountzion1983,07:00,1388,87,298648,72,2009-09-19T01:53:40Z,10,0.9410169491525424,109,91,7.0
Donaghy Can't Read Kenneth At Poker - 30 Rock,30 Rock Official,04:13,9285,211,1077405,375,2019-10-31T16:45:00Z,0,0.9777801179443977,10,92,4.217
Jack Donaghy - Six Sigma Wheel of Happiness Domination,Nick Lyon,02:33,1181,45,192057,65,2014-07-25T23:46:51Z,1,0.9632952691680261,16,92,2.55
Every Appearance Of Conan (Best Of Conan O’Brien) - 30 Rock,30 Rock Official,05:38,16061,446,1755725,852,2018-05-04T16:00:03Z,0,0.9729811595080875,4,93,5.633
The Negotiation - 30 Rock,30 Rock Official,04:28,7500,114,719036,349,2020-04-02T16:00:31Z,1,0.9850275807722616,20,93,4.467
Liz Lemon Can't Handle a Sandwich From the ''Real America'' | 30 Rock,30 Rock Official,04:14,2643,66,286640,194,2020-10-30T16:13:28Z,2,0.9756367663344407,26,93,4.233
The Best of Jenna Maroney and Paul L'Astname - 30 Rock (Mashup),30 Rock Official,09:24,2621,77,271679,228,2019-10-03T19:28:16Z,3,0.9714603409933283,40,93,9.4
Every D'fwan Moment - 30 Rock,30 Rock Official,08:55,10289,216,919000,683,2018-01-05T17:30:01Z,4,0.979438362684436,46,93,8.917
The Best of the Pranksmen - 30 Rock,30 Rock Official,06:29,526,17,57684,31,2019-11-21T14:00:11Z,5,0.9686924493554327,55,93,6.483
Anna Howard Shaw Day At 30 Rock - 30 Rock,30 Rock Official,10:01,2050,70,298566,101,2018-02-14T00:00:01Z,6,0.9669811320754716,72,93,10.017
Salma Hayek as The Black Widow - 30 Rock,30 Rock Official,05:55,3172,101,418535,232,2019-11-12T14:00:01Z,7,0.9691414604338527,77,93,5.917
Best of Jenna Maroney | 30 Rock,30 Rock Official,09:59,1223,12,74973,83,2021-05-25T16:30:07Z,8,0.9902834008097166,89,93,9.983
Liz Lemon's Greatest Love Isn't A Man: IT'S FOOD! | Liz LOVES Food Above Everything Else | 30 Rock,30 Rock Official,08:56,1725,33,131654,140,2020-11-14T15:00:07Z,9,0.9812286689419796,94,93,8.933
Sleep Eating - 30 Rock,30 Rock Official,03:13,1715,20,149804,71,2020-02-27T17:00:07Z,10,0.9884726224783862,110,93,3.217
You Ate That Whole Thing? - 30 Rock,30 Rock Official,02:01,3847,78,378982,223,2020-03-19T17:00:02Z,11,0.9801273885350319,121,93,2.017
Liz And Jack Get Married - 30 Rock,30 Rock Official,03:25,4026,89,541112,180,2018-01-09T17:00:00Z,12,0.9783718104495748,130,93,3.417
Liz Breaks Up With Dennis | 30 Rock,30 Rock Official,03:17,98,2,5259,10,2021-08-06T15:00:08Z,13,0.98,141,93,3.283
All the Oscar Winners and Nominees - 30 Rock,30 Rock Official,05:43,1713,47,155305,118,2020-02-06T14:00:08Z,14,0.9732954545454545,148,93,5.717
Operation Righteous Cowboy Lightning | 30 Rock,30 Rock Official,04:52,1413,15,91952,80,2020-09-10T14:21:08Z,15,0.9894957983193278,159,93,4.867
Shut It Down! - 30 Rock,30 Rock Official,03:39,1272,20,97597,61,2020-01-30T14:00:05Z,16,0.9845201238390093,168,93,3.65
Jack Is An Evil Villain - 30 Rock,30 Rock Official,04:32,2266,46,299733,126,2018-02-07T17:00:01Z,17,0.9801038062283737,174,93,4.533
Every Appearance Of Conan (Best Of Conan O’Brien) - 30 Rock,30 Rock Official,05:38,16061,446,1755725,852,2018-05-04T16:00:03Z,18,0.9729811595080875,189,93,5.633
Liz Lemon's Boyfriends - 30 Rock,30 Rock Official,10:03,6648,185,1031545,464,2017-12-29T17:00:05Z,19,0.9729255085613933,197,93,10.05
The Best Of Ron Swanson (Parks and Recreation),witchorking,32:15,263342,7390,30084219,13178,2017-02-22T21:06:12Z,20,0.9727036331131894,208,93,32.25
Best Of: Good GOD! | 30 Rock,30 Rock Official,09:16,748,13,57370,36,2021-05-18T16:30:08Z,0,0.9829172141918529,5,94,9.267
The Negotiation - 30 Rock,30 Rock Official,04:28,7500,114,719036,349,2020-04-02T16:00:31Z,1,0.9850275807722616,17,94,4.467
Negotiating with Jack Donaghy,Michael H,05:01,4750,125,812320,333,2012-03-20T09:53:27Z,2,0.9743589743589743,22,94,5.017
30 Rock - Doctor's Diagnosis (Episode Highlight),30 Rock Official,01:53,638,6,72023,22,2017-10-19T06:58:41Z,0,0.9906832298136646,4,95,1.883
"Dr. Pepper ""Employee Greeting""",Brendan Clark,01:26,302,8,106564,18,2010-11-12T23:29:54Z,1,0.9741935483870968,12,95,1.433
Liz Lemon's Boyfriends - 30 Rock,30 Rock Official,10:03,6648,185,1031545,464,2017-12-29T17:00:05Z,0,0.9729255085613933,1,96,10.05
Seinfeld Feels Insulted by Liz | Tina Fey Imitates Jerry Seinfeld | Relationship Advice | 30 Rock,30 Rock Official,05:18,5277,140,447945,322,2020-10-09T15:00:01Z,1,0.9741554365885177,18,96,5.3
All the Oscar Winners and Nominees - 30 Rock,30 Rock Official,05:43,1713,47,155308,118,2020-02-06T14:00:08Z,2,0.9732954545454545,24,96,5.717
Every Appearance Of Conan (Best Of Conan O’Brien) - 30 Rock,30 Rock Official,05:38,16061,446,1755725,852,2018-05-04T16:00:03Z,3,0.9729811595080875,34,96,5.633
The Best of the Pranksmen - 30 Rock,30 Rock Official,06:29,526,17,57684,31,2019-11-21T14:00:11Z,4,0.9686924493554327,51,96,6.483
"Conan Hunts Down His Assistant's Stolen ""Gigolos"" Mug | CONAN on TBS",Team Coco,07:35,205570,3240,25294841,7783,2013-06-28T06:18:36Z,5,0.9844835017480006,61,96,7.583
Liz Lemon's Greatest Love Isn't A Man: IT'S FOOD! | Liz LOVES Food Above Everything Else | 30 Rock,30 Rock Official,08:56,1725,33,131654,140,2020-11-14T15:00:07Z,6,0.9812286689419796,63,96,8.933
The Best of the Pranksmen - 30 Rock,30 Rock Official,06:29,526,17,57684,31,2019-11-21T14:00:11Z,7,0.9686924493554327,81,96,6.483
30 Rock - Best of Season 4,wwydotu,07:59,1520,70,327853,104,2011-01-29T06:15:15Z,8,0.9559748427672956,84,96,7.983
Romesh Ranganathan's Best Moments | Taskmaster | Avalon Comedy,Avalon Comedy,12:45,277,8,20954,14,2021-08-06T17:00:24Z,0,0.9719298245614035,3,97,12.75
Every Appearance Of Conan (Best Of Conan O’Brien) - 30 Rock,30 Rock Official,05:38,16061,446,1755725,852,2018-05-04T16:00:03Z,0,0.9729811595080875,5,98,5.633
The Biggest Scandals To Ever Hit The History Channel,Grunge,12:28,39864,5632,7788420,4856,2019-04-05T14:00:11Z,1,0.8762088974854932,12,98,12.467
Donaghy Can't Read Kenneth At Poker - 30 Rock,30 Rock Official,04:13,9285,211,1077405,375,2019-10-31T16:45:00Z,0,0.9777801179443977,10,99,4.217
The Rural Juror - 30 Rock,30 Rock Official,02:47,2957,56,349885,126,2019-08-31T13:00:00Z,1,0.9814138732160638,19,99,2.783
Jack Donaghy - Six Sigma Wheel of Happiness Domination,Nick Lyon,02:33,1181,45,192057,65,2014-07-25T23:46:51Z,2,0.9632952691680261,29,99,2.55
Kenneth Takes the Midnight Train to Georgia - 30 Rock,30 Rock Official,03:19,2470,31,165708,162,2020-04-23T21:35:10Z,3,0.9876049580167933,40,99,3.317
"House, Chase, Foreman at karaoke bar singing Midnight Train to Georgia[HQ]",Dharav Solanki,01:34,6231,46,424458,314,2010-06-17T19:16:01Z,4,0.9926716584355584,45,99,1.567
Donaghy Can't Read Kenneth At Poker - 30 Rock,30 Rock Official,04:13,9285,211,1077405,375,2019-10-31T16:45:00Z,0,0.9777801179443977,10,100,4.217
Kenneth is IMMORTAL | Kenneth's Immortality on '30 Rock' | 30 Rock,30 Rock Official,09:10,5280,78,333123,293,2020-10-19T16:00:30Z,1,0.9854423292273237,12,100,9.167
Jack Admits to Kenneth He Wasn't A Good President | Kenneth's Closing Song | 30 Rock,30 Rock Official,05:14,581,7,43989,45,2020-12-13T20:20:02Z,2,0.9880952380952381,28,100,5.233
Arrested Development: Ninja Loans Scene,Vanessa Forney,02:29,1021,26,116516,79,2013-06-22T03:32:47Z,3,0.9751671442215855,34,100,2.483
